ts,entry_time,symbol,lado,entry,stop,accion
2017-01-17 11:10:00-05:00,2017-01-17 11:10:00-05:00,NQ,long,5046.32,5031.98,"('abrir', 'MNQ', 8, 229, 5075.0)"
2017-01-18 03:00:00-05:00,2017-01-18 03:00:00-05:00,NQ,short,5052.49,5054.49,"('abrir', 'MNQ', 20, 80, 5048.5)"
2017-01-18 09:40:00-05:00,2017-01-18 09:40:00-05:00,NQ,short,5052.12,5054.12,"('abrir', 'MNQ', 20, 80, 5048.1)"
2017-01-18 10:05:00-05:00,2017-01-18 10:05:00-05:00,NQ,long,5052.26,5045.96,"('abrir', 'MNQ', 19, 239, 5064.8)"
2017-01-18 10:55:00-05:00,2017-01-18 10:55:00-05:00,NQ,short,5047.99,5052.65,"('abrir', 'MNQ', 20, 186, 5038.7)"
2017-01-19 03:20:00-05:00,2017-01-19 03:20:00-05:00,NQ,short,5055.07,5057.88,"('abrir', 'MNQ', 20, 112, 5049.5)"
2017-01-19 03:25:00-05:00,2017-01-19 03:25:00-05:00,NQ,short,5056.05,5058.27,"('skip', 'ya hay posición en MNQ')"
2017-01-19 11:10:00-05:00,2017-01-19 11:10:00-05:00,NQ,short,5053.95,5058.53,"('abrir', 'MNQ', 20, 183, 5044.8)"
2017-01-20 04:45:00-05:00,2017-01-20 04:45:00-05:00,NQ,short,5066.95,5068.95,"('abrir', 'MNQ', 20, 80, 5062.9)"
2017-01-20 11:00:00-05:00,2017-01-20 11:00:00-05:00,NQ,short,5067.86,5072.82,"('abrir', 'MNQ', 20, 198, 5058.0)"
2017-01-20 12:05:00-05:00,2017-01-20 12:05:00-05:00,NQ,long,5067.2,5064.78,"('skip', 'ya hay posición en MNQ')"
2017-01-23 03:35:00-05:00,2017-01-23 03:35:00-05:00,NQ,short,5045.18,5047.43,"('abrir', 'MNQ', 20, 90, 5040.7)"
2017-01-23 09:50:00-05:00,2017-01-23 09:50:00-05:00,NQ,long,5060.78,5052.07,"('abrir', 'MNQ', 14, 244, 5078.2)"
2017-01-23 12:15:00-05:00,2017-01-23 12:15:00-05:00,NQ,short,5046.47,5050.67,"('abrir', 'MNQ', 20, 168, 5038.1)"
2017-01-24 10:10:00-05:00,2017-01-24 10:10:00-05:00,NQ,short,5070.35,5072.91,"('abrir', 'MNQ', 20, 102, 5065.2)"
2017-01-24 10:25:00-05:00,2017-01-24 10:25:00-05:00,NQ,short,5077.28,5081.0,"('abrir', 'MNQ', 20, 149, 5069.8)"
2017-01-26 09:40:00-05:00,2017-01-26 09:40:00-05:00,NQ,long,5160.39,5157.33,"('abrir', 'MNQ', 20, 122, 5166.5)"
2017-01-26 10:35:00-05:00,2017-01-26 10:35:00-05:00,NQ,short,5156.5,5161.51,"('abrir', 'MNQ', 20, 200, 5146.5)"
2017-01-26 11:50:00-05:00,2017-01-26 11:50:00-05:00,NQ,long,5156.83,5151.52,"('skip', 'ya hay posición en MNQ')"
2017-01-27 11:30:00-05:00,2017-01-27 11:30:00-05:00,NQ,long,5161.81,5159.81,"('abrir', 'MNQ', 20, 80, 5165.8)"
2017-01-27 12:40:00-05:00,2017-01-27 12:40:00-05:00,NQ,long,5162.6,5158.83,"('abrir', 'MNQ', 20, 151, 5170.1)"
2017-02-01 10:30:00-05:00,2017-02-01 10:30:00-05:00,NQ,short,5144.52,5149.11,"('abrir', 'MNQ', 20, 183, 5135.4)"
2017-02-02 09:40:00-05:00,2017-02-02 09:40:00-05:00,NQ,short,5139.78,5143.97,"('abrir', 'MNQ', 20, 167, 5131.4)"
2017-02-02 12:25:00-05:00,2017-02-02 12:25:00-05:00,NQ,short,5141.4,5145.04,"('abrir', 'MNQ', 20, 146, 5134.1)"
2017-02-03 11:55:00-05:00,2017-02-03 11:55:00-05:00,NQ,short,5151.47,5153.47,"('abrir', 'MNQ', 20, 80, 5147.5)"
2017-02-03 12:20:00-05:00,2017-02-03 12:20:00-05:00,NQ,short,5155.31,5159.82,"('abrir', 'MNQ', 20, 180, 5146.3)"
2017-02-06 04:00:00-05:00,2017-02-06 04:00:00-05:00,NQ,short,5158.84,5160.84,"('abrir', 'MNQ', 20, 80, 5154.8)"
2017-02-06 10:10:00-05:00,2017-02-06 10:10:00-05:00,NQ,long,5152.33,5146.11,"('abrir', 'MNQ', 19, 236, 5164.8)"
2017-02-07 04:05:00-05:00,2017-02-07 04:05:00-05:00,NQ,long,5165.44,5160.11,"('abrir', 'MNQ', 20, 213, 5176.1)"
2017-02-08 03:15:00-05:00,2017-02-08 03:15:00-05:00,NQ,long,5188.89,5186.89,"('abrir', 'MNQ', 20, 80, 5192.9)"
2017-02-08 04:15:00-05:00,2017-02-08 04:15:00-05:00,NQ,short,5186.92,5188.92,"('abrir', 'MNQ', 20, 80, 5182.9)"
2017-02-08 05:25:00-05:00,2017-02-08 05:25:00-05:00,NQ,long,5188.09,5185.49,"('abrir', 'MNQ', 20, 104, 5193.3)"
2017-02-08 09:55:00-05:00,2017-02-08 09:55:00-05:00,NQ,short,5173.62,5176.43,FRENO_DIARIO
2017-02-09 05:55:00-05:00,2017-02-09 05:55:00-05:00,NQ,short,5195.13,5197.13,"('abrir', 'MNQ', 20, 80, 5191.1)"
2017-02-10 04:50:00-05:00,2017-02-10 04:50:00-05:00,NQ,short,5221.91,5226.59,"('abrir', 'MNQ', 20, 187, 5212.6)"
2017-02-10 10:55:00-05:00,2017-02-10 10:55:00-05:00,NQ,long,5222.36,5218.87,"('skip', 'ya hay posición en MNQ')"
2017-02-13 11:15:00-05:00,2017-02-13 11:15:00-05:00,NQ,short,5247.53,5251.43,"('abrir', 'MNQ', 20, 156, 5239.7)"
2017-02-14 03:25:00-05:00,2017-02-14 03:25:00-05:00,NQ,short,5252.5,5254.93,"('abrir', 'MNQ', 20, 97, 5247.6)"
2017-02-14 10:50:00-05:00,2017-02-14 10:50:00-05:00,NQ,short,5247.01,5255.26,"('abrir', 'MNQ', 14, 231, 5230.5)"
2017-02-15 10:05:00-05:00,2017-02-15 10:05:00-05:00,NQ,long,5271.7,5267.11,"('abrir', 'MNQ', 20, 184, 5280.9)"
2017-02-16 02:55:00-05:00,2017-02-16 02:55:00-05:00,NQ,long,5307.84,5305.84,"('abrir', 'MNQ', 20, 80, 5311.8)"
2017-02-16 04:05:00-05:00,2017-02-16 04:05:00-05:00,NQ,short,5307.87,5309.87,"('skip', 'ya hay posición en MNQ')"
2017-02-16 09:45:00-05:00,2017-02-16 09:45:00-05:00,NQ,long,5306.91,5300.57,"('abrir', 'MNQ', 19, 241, 5319.6)"
2017-02-16 10:10:00-05:00,2017-02-16 10:10:00-05:00,NQ,short,5304.82,5306.95,"('abrir', 'MNQ', 20, 85, 5300.6)"
2017-02-17 10:25:00-05:00,2017-02-17 10:25:00-05:00,NQ,long,5306.22,5302.06,"('abrir', 'MNQ', 20, 166, 5314.5)"
2017-02-17 11:30:00-05:00,2017-02-17 11:30:00-05:00,NQ,short,5300.06,5302.06,"('abrir', 'MNQ', 20, 80, 5296.1)"
2017-02-20 10:00:00-05:00,2017-02-20 10:00:00-05:00,NQ,short,5330.92,5333.87,"('abrir', 'MNQ', 20, 118, 5325.0)"
2017-02-21 10:00:00-05:00,2017-02-21 10:00:00-05:00,NQ,long,5339.91,5336.63,"('abrir', 'MNQ', 20, 131, 5346.5)"
2017-02-22 10:00:00-05:00,2017-02-22 10:00:00-05:00,NQ,short,5340.0,5347.78,"('abrir', 'MNQ', 15, 233, 5324.4)"
2017-02-22 11:00:00-05:00,2017-02-22 11:00:00-05:00,NQ,long,5342.94,5339.1,"('abrir', 'MNQ', 20, 154, 5350.6)"
2017-02-23 04:35:00-05:00,2017-02-23 04:35:00-05:00,NQ,long,5351.3,5347.2,"('abrir', 'MNQ', 20, 164, 5359.5)"
2017-02-24 03:25:00-05:00,2017-02-24 03:25:00-05:00,NQ,short,5320.35,5323.13,"('abrir', 'MNQ', 20, 111, 5314.8)"
2017-02-24 04:55:00-05:00,2017-02-24 04:55:00-05:00,NQ,long,5320.81,5317.56,"('skip', 'ya hay posición en MNQ')"
2017-02-24 10:05:00-05:00,2017-02-24 10:05:00-05:00,NQ,long,5315.31,5310.73,"('abrir', 'MNQ', 20, 184, 5324.5)"
2017-02-24 10:10:00-05:00,2017-02-24 10:10:00-05:00,NQ,long,5310.02,5304.97,"('abrir', 'MNQ', 20, 202, 5320.1)"
2017-02-27 09:50:00-05:00,2017-02-27 09:50:00-05:00,NQ,short,5329.03,5331.03,"('abrir', 'MNQ', 20, 80, 5325.0)"
2017-02-28 03:20:00-05:00,2017-02-28 03:15:00-05:00,NQ,short,5342.23,5344.26,"('abrir', 'MNQ', 20, 81, 5338.2)"
2017-02-28 10:00:00-05:00,2017-02-28 10:00:00-05:00,NQ,short,5341.72,5343.72,"('abrir', 'MNQ', 20, 80, 5337.7)"
2017-02-28 10:55:00-05:00,2017-02-28 10:55:00-05:00,NQ,short,5340.47,5342.73,"('abrir', 'MNQ', 20, 91, 5335.9)"
2017-03-01 02:35:00-05:00,2017-03-01 02:35:00-05:00,NQ,long,5339.44,5337.44,"('abrir', 'MNQ', 20, 80, 5343.4)"
2017-03-02 02:35:00-05:00,2017-03-02 02:35:00-05:00,NQ,short,5382.72,5384.72,"('abrir', 'MNQ', 20, 80, 5378.7)"
2017-03-02 04:20:00-05:00,2017-03-02 04:20:00-05:00,NQ,short,5382.3,5386.89,"('abrir', 'MNQ', 20, 184, 5373.1)"
2017-03-03 05:00:00-05:00,2017-03-03 05:00:00-05:00,NQ,short,5348.52,5351.89,"('abrir', 'MNQ', 20, 135, 5341.8)"
2017-03-03 10:50:00-05:00,2017-03-03 10:50:00-05:00,NQ,short,5351.65,5355.56,"('abrir', 'MNQ', 20, 156, 5343.8)"
2017-03-06 09:50:00-05:00,2017-03-06 09:50:00-05:00,NQ,short,5348.02,5353.11,"('abrir', 'MNQ', 20, 204, 5337.8)"
2017-03-06 11:25:00-05:00,2017-03-06 11:25:00-05:00,NQ,long,5344.46,5340.57,"('skip', 'ya hay posición en MNQ')"
2017-03-06 11:40:00-05:00,2017-03-06 11:40:00-05:00,NQ,long,5341.86,5337.64,"('skip', 'ya hay posición en MNQ')"
2017-03-07 04:40:00-05:00,2017-03-07 04:40:00-05:00,NQ,short,5355.64,5359.08,"('abrir', 'MNQ', 20, 138, 5348.8)"
2017-03-07 09:45:00-05:00,2017-03-07 09:45:00-05:00,NQ,short,5348.37,5356.26,"('abrir', 'MNQ', 15, 237, 5332.6)"
2017-03-08 11:55:00-05:00,2017-03-08 11:55:00-05:00,NQ,short,5358.89,5361.8,"('abrir', 'MNQ', 20, 116, 5353.1)"
2017-03-08 12:30:00-05:00,2017-03-08 12:30:00-05:00,NQ,short,5361.69,5367.35,"('abrir', 'MNQ', 20, 226, 5350.4)"
2017-03-09 09:40:00-05:00,2017-03-09 09:40:00-05:00,NQ,short,5354.56,5358.79,"('abrir', 'MNQ', 20, 169, 5346.1)"
2017-03-09 12:40:00-05:00,2017-03-09 12:40:00-05:00,NQ,short,5363.35,5368.17,"('abrir', 'MNQ', 20, 193, 5353.7)"
2017-03-10 10:30:00-05:00,2017-03-10 10:30:00-05:00,NQ,long,5385.71,5381.17,"('abrir', 'MNQ', 20, 182, 5394.8)"
2017-03-10 11:30:00-05:00,2017-03-10 11:30:00-05:00,NQ,long,5382.76,5374.57,"('abrir', 'MNQ', 14, 229, 5399.1)"
2017-03-13 04:45:00-04:00,2017-03-13 04:45:00-04:00,NQ,long,5380.83,5378.67,"('abrir', 'MNQ', 20, 87, 5385.2)"
2017-03-13 05:00:00-04:00,2017-03-13 05:00:00-04:00,NQ,long,5379.66,5376.97,"('skip', 'ya hay posición en MNQ')"
2017-03-13 11:20:00-04:00,2017-03-13 11:20:00-04:00,NQ,long,5386.16,5379.89,"('abrir', 'MNQ', 18, 226, 5398.7)"
2017-03-14 12:05:00-04:00,2017-03-14 12:05:00-04:00,NQ,long,5374.58,5372.58,"('abrir', 'MNQ', 20, 80, 5378.6)"
2017-03-14 12:10:00-04:00,2017-03-14 12:10:00-04:00,NQ,long,5367.46,5364.65,"('abrir', 'MNQ', 20, 113, 5373.1)"
2017-03-15 04:00:00-04:00,2017-03-15 04:00:00-04:00,NQ,short,5388.87,5390.87,"('abrir', 'MNQ', 20, 80, 5384.9)"
2017-03-15 09:45:00-04:00,2017-03-15 09:45:00-04:00,NQ,short,5384.77,5388.81,"('abrir', 'MNQ', 20, 162, 5376.7)"
2017-03-20 04:50:00-04:00,2017-03-20 04:50:00-04:00,NQ,long,5403.32,5401.32,"('abrir', 'MNQ', 20, 80, 5407.3)"
2017-03-20 11:45:00-04:00,2017-03-20 11:45:00-04:00,NQ,short,5418.17,5420.17,"('abrir', 'MNQ', 20, 80, 5414.2)"
2017-03-22 03:55:00-04:00,2017-03-22 03:55:00-04:00,NQ,long,5325.12,5323.12,"('abrir', 'MNQ', 20, 80, 5329.1)"
2017-03-22 04:30:00-04:00,2017-03-22 04:30:00-04:00,NQ,long,5325.75,5319.97,"('abrir', 'MNQ', 20, 231, 5337.3)"
2017-03-22 04:50:00-04:00,2017-03-22 04:50:00-04:00,NQ,short,5322.89,5324.89,"('skip', 'ya hay posición en MNQ')"
2017-03-22 09:55:00-04:00,2017-03-22 09:55:00-04:00,NQ,long,5338.17,5330.87,"('abrir', 'MNQ', 16, 234, 5352.8)"
2017-03-22 12:10:00-04:00,2017-03-22 12:10:00-04:00,NQ,long,5357.63,5349.07,FRENO_DIARIO
2017-03-23 03:00:00-04:00,2017-03-23 03:00:00-04:00,NQ,short,5367.27,5369.47,"('abrir', 'MNQ', 20, 88, 5362.9)"
2017-03-24 03:50:00-04:00,2017-03-24 03:50:00-04:00,NQ,short,5365.86,5369.31,"('abrir', 'MNQ', 20, 138, 5358.9)"
2017-03-24 12:25:00-04:00,2017-03-24 12:25:00-04:00,NQ,short,5386.91,5390.3,"('abrir', 'MNQ', 20, 136, 5380.1)"
2017-03-27 11:50:00-04:00,2017-03-27 11:50:00-04:00,NQ,long,5361.77,5358.97,"('abrir', 'MNQ', 20, 112, 5367.4)"
2017-03-28 09:45:00-04:00,2017-03-28 09:45:00-04:00,NQ,long,5375.87,5367.87,"('abrir', 'MNQ', 14, 224, 5391.9)"
2017-03-28 10:40:00-04:00,2017-03-28 10:40:00-04:00,NQ,short,5371.67,5373.67,"('abrir', 'MNQ', 20, 80, 5367.7)"
2017-03-29 04:00:00-04:00,2017-03-29 04:00:00-04:00,NQ,long,5413.17,5409.57,"('abrir', 'MNQ', 20, 144, 5420.4)"
2017-03-29 11:55:00-04:00,2017-03-29 11:55:00-04:00,NQ,short,5413.97,5418.57,"('abrir', 'MNQ', 20, 184, 5404.8)"
2017-03-30 12:05:00-04:00,2017-03-30 12:05:00-04:00,NQ,short,5433.62,5436.87,"('abrir', 'MNQ', 20, 130, 5427.1)"
2017-03-31 03:50:00-04:00,2017-03-31 03:50:00-04:00,NQ,long,5425.22,5423.22,"('abrir', 'MNQ', 20, 80, 5429.2)"
2017-04-03 05:05:00-04:00,2017-04-03 05:05:00-04:00,NQ,long,5441.92,5438.67,"('abrir', 'MNQ', 20, 130, 5448.4)"
2017-04-03 09:55:00-04:00,2017-04-03 09:55:00-04:00,NQ,long,5444.17,5436.97,"('abrir', 'MNQ', 16, 230, 5458.6)"
2017-04-03 10:45:00-04:00,2017-04-03 10:45:00-04:00,NQ,short,5440.27,5450.57,"('abrir', 'MNQ', 11, 227, 5419.7)"
2017-04-04 05:35:00-04:00,2017-04-04 05:35:00-04:00,NQ,short,5415.37,5419.57,"('abrir', 'MNQ', 20, 168, 5407.0)"
2017-04-04 12:10:00-04:00,2017-04-04 12:10:00-04:00,NQ,short,5428.12,5430.87,"('abrir', 'MNQ', 20, 110, 5422.6)"
2017-04-05 02:55:00-04:00,2017-04-05 02:55:00-04:00,NQ,short,5436.87,5439.37,"('abrir', 'MNQ', 20, 100, 5431.9)"
2017-04-05 03:45:00-04:00,2017-04-05 03:45:00-04:00,NQ,short,5436.97,5441.47,"('abrir', 'MNQ', 20, 180, 5428.0)"
2017-04-06 02:45:00-04:00,2017-04-06 02:45:00-04:00,NQ,long,5406.07,5404.07,"('abrir', 'MNQ', 20, 80, 5410.1)"
2017-04-06 04:25:00-04:00,2017-04-06 04:25:00-04:00,NQ,long,5406.22,5404.17,"('abrir', 'MNQ', 20, 82, 5410.3)"
2017-04-06 05:25:00-04:00,2017-04-06 05:25:00-04:00,NQ,long,5408.92,5404.87,"('abrir', 'MNQ', 20, 162, 5417.0)"
2017-04-06 09:50:00-04:00,2017-04-06 09:50:00-04:00,NQ,short,5420.27,5430.67,"('abrir', 'MNQ', 11, 229, 5399.5)"
2017-04-07 04:25:00-04:00,2017-04-07 04:25:00-04:00,NQ,long,5412.57,5408.07,"('abrir', 'MNQ', 20, 180, 5421.6)"
2017-04-07 10:10:00-04:00,2017-04-07 10:10:00-04:00,NQ,short,5412.52,5423.77,"('abrir', 'MNQ', 10, 225, 5390.0)"
2017-04-07 12:35:00-04:00,2017-04-07 12:35:00-04:00,NQ,long,5423.72,5411.57,"('abrir', 'MNQ', 9, 219, 5448.0)"
2017-04-10 04:30:00-04:00,2017-04-10 04:30:00-04:00,NQ,long,5424.07,5420.97,"('skip', 'ya hay posición en MNQ')"
2017-04-10 11:15:00-04:00,2017-04-10 11:15:00-04:00,NQ,short,5432.62,5437.77,"('skip', 'ya hay posición en MNQ')"
2017-04-10 12:00:00-04:00,2017-04-10 12:00:00-04:00,NQ,short,5418.97,5423.37,"('skip', 'ya hay posición en MNQ')"
2017-04-11 03:40:00-04:00,2017-04-11 03:40:00-04:00,NQ,long,5413.52,5409.97,"('abrir', 'MNQ', 20, 142, 5420.6)"
2017-04-12 03:40:00-04:00,2017-04-12 03:35:00-04:00,NQ,long,5408.72,5405.67,"('abrir', 'MNQ', 20, 122, 5414.8)"
2017-04-13 10:25:00-04:00,2017-04-13 10:25:00-04:00,NQ,long,5388.77,5384.67,"('abrir', 'MNQ', 20, 164, 5397.0)"
2017-04-17 03:45:00-04:00,2017-04-17 03:45:00-04:00,NQ,short,5357.47,5359.47,"('abrir', 'MNQ', 20, 80, 5353.5)"
2017-04-17 09:40:00-04:00,2017-04-17 09:40:00-04:00,NQ,long,5371.42,5365.57,"('abrir', 'MNQ', 20, 234, 5383.1)"
2017-04-17 12:20:00-04:00,2017-04-17 12:20:00-04:00,NQ,short,5384.62,5386.77,"('abrir', 'MNQ', 20, 86, 5380.3)"
2017-04-18 10:15:00-04:00,2017-04-18 10:15:00-04:00,NQ,long,5388.57,5382.87,"('abrir', 'MNQ', 20, 228, 5400.0)"
2017-04-18 11:05:00-04:00,2017-04-18 11:05:00-04:00,NQ,short,5389.17,5394.37,"('skip', 'ya hay posición en MNQ')"
2017-04-20 04:15:00-04:00,2017-04-20 04:15:00-04:00,NQ,long,5413.91,5410.15,"('abrir', 'MNQ', 20, 150, 5421.4)"
2017-04-20 10:05:00-04:00,2017-04-20 10:05:00-04:00,NQ,short,5422.02,5428.77,"('abrir', 'MNQ', 17, 230, 5408.5)"
2017-04-21 12:15:00-04:00,2017-04-21 12:15:00-04:00,NQ,long,5439.62,5434.57,"('abrir', 'MNQ', 20, 202, 5449.7)"
2017-04-24 10:05:00-04:00,2017-04-24 10:05:00-04:00,NQ,long,5503.97,5499.87,"('abrir', 'MNQ', 20, 164, 5512.2)"
2017-04-24 10:25:00-04:00,2017-04-24 10:25:00-04:00,NQ,long,5503.97,5498.07,"('skip', 'ya hay posición en MNQ')"
2017-04-24 12:10:00-04:00,2017-04-24 12:10:00-04:00,NQ,short,5500.97,5504.87,"('abrir', 'MNQ', 20, 156, 5493.2)"
2017-04-25 03:00:00-04:00,2017-04-25 03:00:00-04:00,NQ,long,5515.22,5513.22,"('abrir', 'MNQ', 20, 80, 5519.2)"
2017-04-26 03:00:00-04:00,2017-04-26 03:00:00-04:00,NQ,short,5552.12,5554.12,"('abrir', 'MNQ', 20, 80, 5548.1)"
2017-04-26 05:15:00-04:00,2017-04-26 05:15:00-04:00,NQ,long,5550.82,5548.77,"('abrir', 'MNQ', 20, 82, 5554.9)"
2017-04-26 09:40:00-04:00,2017-04-26 09:40:00-04:00,NQ,long,5552.87,5547.37,"('abrir', 'MNQ', 20, 220, 5563.9)"
2017-04-26 11:40:00-04:00,2017-04-26 11:40:00-04:00,NQ,long,5551.42,5545.67,"('abrir', 'MNQ', 20, 230, 5562.9)"
2017-04-26 12:10:00-04:00,2017-04-26 12:10:00-04:00,NQ,short,5551.07,5553.07,FRENO_DIARIO
2017-04-27 11:00:00-04:00,2017-04-27 11:00:00-04:00,NQ,short,5561.52,5566.27,"('abrir', 'MNQ', 20, 190, 5552.0)"
2017-04-27 11:50:00-04:00,2017-04-27 11:50:00-04:00,NQ,short,5559.12,5564.27,"('skip', 'ya hay posición en MNQ')"
2017-04-28 04:30:00-04:00,2017-04-28 04:30:00-04:00,NQ,long,5588.37,5585.97,"('abrir', 'MNQ', 20, 96, 5593.2)"
2017-04-28 12:05:00-04:00,2017-04-28 12:05:00-04:00,NQ,short,5582.52,5585.77,"('abrir', 'MNQ', 20, 130, 5576.0)"
2017-05-01 04:50:00-04:00,2017-05-01 04:50:00-04:00,NQ,long,5593.22,5591.22,"('abrir', 'MNQ', 20, 80, 5597.2)"
2017-05-01 12:15:00-04:00,2017-05-01 12:15:00-04:00,NQ,long,5619.72,5615.37,"('abrir', 'MNQ', 20, 174, 5628.4)"
2017-05-03 04:55:00-04:00,2017-05-03 04:55:00-04:00,NQ,long,5622.82,5620.82,"('abrir', 'MNQ', 20, 80, 5626.8)"
2017-05-04 03:15:00-04:00,2017-05-04 03:15:00-04:00,NQ,short,5619.82,5622.07,"('abrir', 'MNQ', 20, 90, 5615.3)"
2017-05-04 03:30:00-04:00,2017-05-04 03:30:00-04:00,NQ,short,5621.42,5623.57,"('abrir', 'MNQ', 20, 86, 5617.1)"
2017-05-04 10:15:00-04:00,2017-05-04 10:15:00-04:00,NQ,short,5619.72,5628.87,"('abrir', 'MNQ', 12, 220, 5601.4)"
2017-05-04 11:55:00-04:00,2017-05-04 11:55:00-04:00,NQ,long,5625.07,5620.07,FRENO_DIARIO
2017-05-08 03:25:00-04:00,2017-05-08 03:25:00-04:00,NQ,short,5637.37,5639.87,"('abrir', 'MNQ', 20, 100, 5632.4)"
2017-05-08 04:00:00-04:00,2017-05-08 04:00:00-04:00,NQ,short,5639.52,5642.47,"('abrir', 'MNQ', 20, 118, 5633.6)"
2017-05-08 10:10:00-04:00,2017-05-08 10:10:00-04:00,NQ,short,5643.62,5652.67,"('abrir', 'MNQ', 12, 217, 5625.5)"
2017-05-09 03:30:00-04:00,2017-05-09 03:30:00-04:00,NQ,short,5655.72,5657.72,"('abrir', 'MNQ', 20, 80, 5651.7)"
2017-05-09 03:35:00-04:00,2017-05-09 03:35:00-04:00,NQ,short,5657.12,5659.12,"('skip', 'ya hay posición en MNQ')"
2017-05-09 04:35:00-04:00,2017-05-09 04:35:00-04:00,NQ,short,5657.32,5659.32,"('abrir', 'MNQ', 20, 80, 5653.3)"
2017-05-12 05:45:00-04:00,2017-05-12 05:45:00-04:00,NQ,long,5657.82,5655.17,"('abrir', 'MNQ', 20, 106, 5663.1)"
2017-05-15 09:50:00-04:00,2017-05-15 09:50:00-04:00,NQ,long,5694.6,5689.07,"('abrir', 'MNQ', 20, 221, 5705.7)"
2017-05-16 10:20:00-04:00,2017-05-16 10:20:00-04:00,NQ,long,5710.67,5705.37,"('abrir', 'MNQ', 20, 212, 5721.3)"
2017-05-16 12:00:00-04:00,2017-05-16 12:00:00-04:00,NQ,long,5713.17,5703.87,"('abrir', 'MNQ', 12, 223, 5731.8)"
2017-05-17 04:05:00-04:00,2017-05-17 04:05:00-04:00,NQ,long,5697.92,5694.97,"('abrir', 'MNQ', 20, 118, 5703.8)"
2017-05-18 10:50:00-04:00,2017-05-18 10:50:00-04:00,NQ,long,5620.22,5612.87,"('abrir', 'MNQ', 15, 221, 5634.9)"
2017-05-18 12:25:00-04:00,2017-05-18 12:25:00-04:00,NQ,short,5606.62,5609.67,"('abrir', 'MNQ', 20, 122, 5600.5)"
2017-05-19 04:05:00-04:00,2017-05-19 04:05:00-04:00,NQ,long,5627.92,5625.92,"('abrir', 'MNQ', 20, 80, 5631.9)"
2017-05-19 11:55:00-04:00,2017-05-19 11:55:00-04:00,NQ,short,5663.07,5667.37,"('abrir', 'MNQ', 20, 172, 5654.5)"
2017-05-22 03:25:00-04:00,2017-05-22 03:25:00-04:00,NQ,short,5654.92,5656.92,"('abrir', 'MNQ', 20, 80, 5650.9)"
2017-05-23 10:05:00-04:00,2017-05-23 10:05:00-04:00,NQ,short,5701.92,5711.57,"('abrir', 'MNQ', 11, 212, 5682.6)"
2017-05-24 03:15:00-04:00,2017-05-24 03:15:00-04:00,NQ,short,5708.02,5710.02,"('skip', 'ya hay posición en MNQ')"
2017-05-24 09:50:00-04:00,2017-05-24 09:50:00-04:00,NQ,short,5714.02,5717.57,"('abrir', 'MNQ', 20, 142, 5706.9)"
2017-05-25 09:45:00-04:00,2017-05-25 09:45:00-04:00,NQ,short,5748.72,5752.17,"('abrir', 'MNQ', 20, 138, 5741.8)"
2017-05-26 03:15:00-04:00,2017-05-26 03:15:00-04:00,NQ,long,5779.02,5777.02,"('abrir', 'MNQ', 20, 80, 5783.0)"
2017-05-26 04:20:00-04:00,2017-05-26 04:20:00-04:00,NQ,long,5780.52,5778.07,"('abrir', 'MNQ', 20, 98, 5785.4)"
2017-05-26 11:30:00-04:00,2017-05-26 11:30:00-04:00,NQ,short,5784.97,5790.27,"('abrir', 'MNQ', 20, 212, 5774.4)"
2017-05-29 04:05:00-04:00,2017-05-29 04:05:00-04:00,NQ,long,5794.22,5792.22,"('abrir', 'MNQ', 20, 80, 5798.2)"
2017-05-29 11:15:00-04:00,2017-05-29 11:15:00-04:00,NQ,short,5790.87,5792.87,"('abrir', 'MNQ', 20, 80, 5786.9)"
2017-05-30 10:10:00-04:00,2017-05-30 10:10:00-04:00,NQ,long,5791.07,5787.57,"('abrir', 'MNQ', 20, 140, 5798.1)"
2017-05-31 03:55:00-04:00,2017-05-31 03:55:00-04:00,NQ,short,5794.77,5796.77,"('abrir', 'MNQ', 20, 80, 5790.8)"
2017-05-31 04:05:00-04:00,2017-05-31 04:05:00-04:00,NQ,short,5796.37,5799.17,"('skip', 'ya hay posición en MNQ')"
2017-05-31 11:10:00-04:00,2017-05-31 11:10:00-04:00,NQ,long,5779.57,5774.97,"('abrir', 'MNQ', 20, 184, 5788.8)"
2017-05-31 11:30:00-04:00,2017-05-31 11:30:00-04:00,NQ,long,5775.07,5770.87,"('abrir', 'MNQ', 20, 168, 5783.5)"
2017-06-01 09:50:00-04:00,2017-06-01 09:50:00-04:00,NQ,long,5804.37,5797.37,"('abrir', 'MNQ', 16, 224, 5818.4)"
2017-06-01 11:05:00-04:00,2017-06-01 11:05:00-04:00,NQ,short,5791.07,5798.07,"('abrir', 'MNQ', 16, 224, 5777.1)"
2017-06-05 05:15:00-04:00,2017-06-05 05:15:00-04:00,NQ,short,5879.47,5881.47,"('abrir', 'MNQ', 20, 80, 5875.5)"
2017-06-05 10:05:00-04:00,2017-06-05 10:05:00-04:00,NQ,long,5878.82,5874.37,"('abrir', 'MNQ', 20, 178, 5887.7)"
2017-06-05 11:10:00-04:00,2017-06-05 11:10:00-04:00,NQ,short,5882.27,5886.17,"('abrir', 'MNQ', 20, 156, 5874.5)"
2017-06-06 03:50:00-04:00,2017-06-06 03:50:00-04:00,NQ,long,5874.37,5872.27,"('abrir', 'MNQ', 20, 84, 5878.6)"
2017-06-06 10:00:00-04:00,2017-06-06 10:00:00-04:00,NQ,long,5879.62,5871.47,"('abrir', 'MNQ', 14, 228, 5895.9)"
2017-06-06 11:15:00-04:00,2017-06-06 11:15:00-04:00,NQ,short,5882.27,5885.17,"('skip', 'ya hay posición en MNQ')"
2017-06-07 03:40:00-04:00,2017-06-07 03:40:00-04:00,NQ,short,5861.22,5863.57,"('abrir', 'MNQ', 20, 94, 5856.5)"
2017-06-08 03:55:00-04:00,2017-06-08 03:55:00-04:00,NQ,short,5883.42,5885.57,"('abrir', 'MNQ', 20, 86, 5879.1)"
2017-06-08 10:05:00-04:00,2017-06-08 10:05:00-04:00,NQ,short,5870.82,5881.97,"('abrir', 'MNQ', 10, 223, 5848.5)"
2017-06-09 04:10:00-04:00,2017-06-09 04:10:00-04:00,NQ,short,5888.72,5891.97,"('abrir', 'MNQ', 20, 130, 5882.2)"
2017-06-09 10:45:00-04:00,2017-06-09 10:45:00-04:00,NQ,long,5891.72,5876.77,"('abrir', 'MNQ', 7, 209, 5921.6)"
2017-06-12 12:35:00-04:00,2017-06-12 12:35:00-04:00,NQ,short,5684.42,5707.37,"('abrir', 'MNQ', 4, 184, 5638.5)"
2017-06-13 03:55:00-04:00,2017-06-13 03:55:00-04:00,NQ,long,5725.07,5722.97,"('abrir', 'MNQ', 20, 84, 5729.3)"
2017-06-13 04:45:00-04:00,2017-06-13 04:45:00-04:00,NQ,short,5723.47,5725.47,"('abrir', 'MNQ', 20, 80, 5719.5)"
2017-06-13 11:05:00-04:00,2017-06-13 11:05:00-04:00,NQ,short,5720.13,5727.97,"('abrir', 'MNQ', 14, 219, 5704.5)"
2017-06-13 11:40:00-04:00,2017-06-13 11:40:00-04:00,NQ,short,5734.62,5740.37,FRENO_DIARIO
2017-06-14 09:45:00-04:00,2017-06-14 09:45:00-04:00,NQ,short,5762.07,5768.37,"('abrir', 'MNQ', 17, 214, 5749.5)"
2017-06-14 09:55:00-04:00,2017-06-14 09:55:00-04:00,NQ,short,5769.67,5775.57,"('abrir', 'MNQ', 19, 224, 5757.9)"
2017-06-15 10:00:00-04:00,2017-06-15 10:00:00-04:00,NQ,short,5659.87,5675.07,"('abrir', 'MNQ', 7, 213, 5629.5)"
2017-06-15 11:45:00-04:00,2017-06-15 11:45:00-04:00,NQ,long,5667.07,5658.07,"('abrir', 'MNQ', 12, 216, 5685.1)"
2017-06-16 04:20:00-04:00,2017-06-16 04:20:00-04:00,NQ,long,5715.17,5713.07,"('abrir', 'MNQ', 20, 84, 5719.4)"
2017-06-16 05:10:00-04:00,2017-06-16 05:10:00-04:00,NQ,short,5707.17,5709.97,"('abrir', 'MNQ', 20, 112, 5701.6)"
2017-06-16 09:55:00-04:00,2017-06-16 09:55:00-04:00,NQ,short,5691.72,5693.72,"('abrir', 'MNQ', 20, 80, 5687.7)"
2017-06-16 11:45:00-04:00,2017-06-16 11:45:00-04:00,NQ,long,5671.82,5667.67,"('abrir', 'MNQ', 20, 166, 5680.1)"
2017-06-20 04:50:00-04:00,2017-06-20 04:50:00-04:00,NQ,short,5770.42,5772.42,"('abrir', 'MNQ', 20, 80, 5766.4)"
2017-06-20 11:00:00-04:00,2017-06-20 11:00:00-04:00,NQ,long,5763.47,5754.27,"('abrir', 'MNQ', 12, 221, 5781.9)"
2017-06-21 05:10:00-04:00,2017-06-21 05:10:00-04:00,NQ,long,5702.62,5692.55,"('abrir', 'MNQ', 11, 222, 5722.8)"
2017-06-21 11:00:00-04:00,2017-06-21 11:00:00-04:00,NQ,long,5760.22,5753.17,"('abrir', 'MNQ', 16, 226, 5774.3)"
2017-06-21 12:45:00-04:00,2017-06-21 12:45:00-04:00,NQ,long,5762.57,5758.47,"('abrir', 'MNQ', 20, 164, 5770.8)"
2017-06-22 02:50:00-04:00,2017-06-22 02:50:00-04:00,NQ,long,5803.62,5799.87,"('abrir', 'MNQ', 20, 150, 5811.1)"
2017-06-22 04:10:00-04:00,2017-06-22 04:10:00-04:00,NQ,short,5787.52,5790.07,"('abrir', 'MNQ', 20, 102, 5782.4)"
2017-06-22 05:10:00-04:00,2017-06-22 05:10:00-04:00,NQ,short,5785.42,5787.87,"('skip', 'ya hay posición en MNQ')"
2017-06-22 05:40:00-04:00,2017-06-22 05:40:00-04:00,NQ,short,5784.37,5789.67,"('abrir', 'MNQ', 20, 212, 5773.8)"
2017-06-22 10:55:00-04:00,2017-06-22 10:55:00-04:00,NQ,long,5785.27,5782.37,"('abrir', 'MNQ', 20, 116, 5791.1)"
2017-06-22 11:15:00-04:00,2017-06-22 11:15:00-04:00,NQ,long,5781.67,5777.37,FRENO_DIARIO
2017-06-23 03:45:00-04:00,2017-06-23 03:45:00-04:00,NQ,long,5790.37,5785.47,"('abrir', 'MNQ', 20, 196, 5800.2)"
2017-06-26 09:40:00-04:00,2017-06-26 09:40:00-04:00,NQ,long,5839.37,5831.17,"('abrir', 'MNQ', 13, 213, 5855.8)"
2017-06-26 12:05:00-04:00,2017-06-26 12:05:00-04:00,NQ,long,5784.67,5775.87,"('abrir', 'MNQ', 12, 211, 5802.3)"
2017-06-27 09:40:00-04:00,2017-06-27 09:40:00-04:00,NQ,short,5748.47,5755.77,"('abrir', 'MNQ', 15, 219, 5733.9)"
2017-06-27 11:05:00-04:00,2017-06-27 11:05:00-04:00,NQ,long,5753.12,5739.87,"('abrir', 'MNQ', 8, 212, 5779.6)"
2017-06-28 10:00:00-04:00,2017-06-28 10:00:00-04:00,NQ,short,5671.37,5679.27,"('abrir', 'MNQ', 13, 205, 5655.6)"
2017-06-28 11:55:00-04:00,2017-06-28 11:55:00-04:00,NQ,long,5714.87,5705.57,"('abrir', 'MNQ', 11, 205, 5733.5)"
2017-06-29 10:50:00-04:00,2017-06-29 10:50:00-04:00,NQ,long,5688.07,5680.77,"('abrir', 'MNQ', 15, 219, 5702.7)"
2017-06-30 03:45:00-04:00,2017-06-30 03:45:00-04:00,NQ,short,5638.87,5645.97,"('abrir', 'MNQ', 15, 213, 5624.7)"
2017-06-30 09:55:00-04:00,2017-06-30 09:55:00-04:00,NQ,long,5654.87,5652.87,"('abrir', 'MNQ', 20, 80, 5658.9)"
2017-07-03 03:15:00-04:00,2017-07-03 03:15:00-04:00,NQ,long,5665.32,5662.97,"('abrir', 'MNQ', 20, 94, 5670.0)"
2017-07-05 03:25:00-04:00,2017-07-05 03:25:00-04:00,NQ,short,5576.02,5578.02,"('abrir', 'MNQ', 20, 80, 5572.0)"
2017-07-05 04:00:00-04:00,2017-07-05 04:00:00-04:00,NQ,long,5574.47,5572.07,"('abrir', 'MNQ', 20, 96, 5579.3)"
2017-07-05 09:40:00-04:00,2017-07-05 09:40:00-04:00,NQ,long,5612.12,5600.87,"('abrir', 'MNQ', 9, 203, 5634.6)"
2017-07-05 10:10:00-04:00,2017-07-05 10:10:00-04:00,NQ,short,5601.27,5609.87,FRENO_DIARIO
2017-07-06 02:55:00-04:00,2017-07-06 02:55:00-04:00,NQ,short,5642.62,5644.62,"('abrir', 'MNQ', 20, 80, 5638.6)"
2017-07-06 10:10:00-04:00,2017-07-06 10:10:00-04:00,NQ,short,5590.92,5603.47,"('abrir', 'MNQ', 8, 201, 5565.8)"
2017-07-07 02:45:00-04:00,2017-07-07 02:45:00-04:00,NQ,long,5600.77,5598.77,"('abrir', 'MNQ', 20, 80, 5604.8)"
2017-07-07 04:45:00-04:00,2017-07-07 04:45:00-04:00,NQ,long,5598.42,5596.42,"('abrir', 'MNQ', 20, 80, 5602.4)"
2017-07-07 10:15:00-04:00,2017-07-07 10:15:00-04:00,NQ,long,5630.22,5624.07,"('abrir', 'MNQ', 17, 209, 5642.5)"
2017-07-10 05:15:00-04:00,2017-07-10 05:15:00-04:00,NQ,short,5672.42,5675.17,"('abrir', 'MNQ', 20, 110, 5666.9)"
2017-07-10 09:45:00-04:00,2017-07-10 09:45:00-04:00,NQ,long,5664.12,5650.77,"('abrir', 'MNQ', 8, 214, 5690.8)"
2017-07-10 10:00:00-04:00,2017-07-10 10:00:00-04:00,NQ,short,5660.03,5667.67,"('abrir', 'MNQ', 14, 214, 5644.8)"
2017-07-11 04:20:00-04:00,2017-07-11 04:20:00-04:00,NQ,short,5687.17,5689.17,"('abrir', 'MNQ', 20, 80, 5683.2)"
2017-07-11 11:30:00-04:00,2017-07-11 11:30:00-04:00,NQ,short,5685.52,5694.07,"('abrir', 'MNQ', 12, 205, 5668.4)"
2017-07-11 11:50:00-04:00,2017-07-11 11:50:00-04:00,NQ,short,5695.07,5713.97,"('abrir', 'MNQ', 5, 189, 5657.3)"
2017-07-12 10:30:00-04:00,2017-07-12 10:30:00-04:00,NQ,long,5757.72,5753.27,"('abrir', 'MNQ', 20, 178, 5766.6)"
2017-07-13 04:10:00-04:00,2017-07-13 04:10:00-04:00,NQ,short,5796.62,5798.62,"('abrir', 'MNQ', 20, 80, 5792.6)"
2017-07-13 04:20:00-04:00,2017-07-13 04:20:00-04:00,NQ,short,5797.97,5802.37,"('skip', 'ya hay posición en MNQ')"
2017-07-13 10:10:00-04:00,2017-07-13 10:10:00-04:00,NQ,long,5795.27,5790.37,"('abrir', 'MNQ', 20, 196, 5805.1)"
2017-07-13 10:15:00-04:00,2017-07-13 10:15:00-04:00,NQ,long,5789.47,5784.37,"('abrir', 'MNQ', 20, 204, 5799.7)"
2017-07-13 12:00:00-04:00,2017-07-13 12:00:00-04:00,NQ,long,5790.92,5786.17,FRENO_DIARIO
2017-07-14 02:30:00-04:00,2017-07-14 02:30:00-04:00,NQ,short,5790.72,5792.72,"('abrir', 'MNQ', 20, 80, 5786.7)"
2017-07-14 04:45:00-04:00,2017-07-14 04:45:00-04:00,NQ,long,5791.82,5788.67,"('abrir', 'MNQ', 20, 126, 5798.1)"
2017-07-14 10:15:00-04:00,2017-07-14 10:15:00-04:00,NQ,short,5811.77,5813.77,"('abrir', 'MNQ', 20, 80, 5807.8)"
2017-07-17 03:30:00-04:00,2017-07-17 03:30:00-04:00,NQ,long,5846.42,5844.42,"('abrir', 'MNQ', 20, 80, 5850.4)"
2017-07-17 04:30:00-04:00,2017-07-17 04:30:00-04:00,NQ,short,5844.42,5846.57,"('abrir', 'MNQ', 20, 86, 5840.1)"
2017-07-18 10:40:00-04:00,2017-07-18 10:40:00-04:00,NQ,long,5838.97,5833.77,"('abrir', 'MNQ', 20, 208, 5849.4)"
2017-07-19 09:45:00-04:00,2017-07-19 09:45:00-04:00,NQ,long,5898.97,5892.07,"('abrir', 'MNQ', 15, 207, 5912.8)"
2017-07-19 11:20:00-04:00,2017-07-19 11:20:00-04:00,NQ,long,5902.07,5893.07,"('skip', 'ya hay posición en MNQ')"
2017-07-20 05:15:00-04:00,2017-07-20 05:15:00-04:00,NQ,short,5914.42,5916.67,"('abrir', 'MNQ', 20, 90, 5909.9)"
2017-07-20 09:50:00-04:00,2017-07-20 09:50:00-04:00,NQ,short,5922.27,5924.27,"('abrir', 'MNQ', 20, 80, 5918.3)"
2017-07-20 10:30:00-04:00,2017-07-20 10:30:00-04:00,NQ,short,5916.37,5922.67,"('abrir', 'MNQ', 17, 214, 5903.8)"
2017-07-20 10:45:00-04:00,2017-07-20 10:45:00-04:00,NQ,short,5907.02,5909.02,"('abrir', 'MNQ', 20, 80, 5903.0)"
2017-07-21 11:15:00-04:00,2017-07-21 11:15:00-04:00,NQ,short,5903.02,5909.27,"('abrir', 'MNQ', 17, 212, 5890.5)"
2017-07-24 04:55:00-04:00,2017-07-24 04:55:00-04:00,NQ,long,5905.17,5901.87,"('abrir', 'MNQ', 20, 132, 5911.8)"
2017-07-24 11:30:00-04:00,2017-07-24 11:30:00-04:00,NQ,short,5914.02,5923.07,"('abrir', 'MNQ', 12, 217, 5895.9)"
2017-07-25 02:35:00-04:00,2017-07-25 02:35:00-04:00,NQ,short,5923.02,5925.07,"('abrir', 'MNQ', 20, 82, 5918.9)"
2017-07-25 09:50:00-04:00,2017-07-25 09:50:00-04:00,NQ,short,5925.02,5928.57,"('abrir', 'MNQ', 20, 142, 5917.9)"
2017-07-25 10:05:00-04:00,2017-07-25 10:05:00-04:00,NQ,long,5924.47,5916.87,"('abrir', 'MNQ', 14, 213, 5939.7)"
2017-07-25 11:00:00-04:00,2017-07-25 11:00:00-04:00,NQ,short,5926.02,5934.37,FRENO_DIARIO
2017-07-26 06:00:00-04:00,2017-07-26 06:00:00-04:00,NQ,long,5931.12,5927.17,"('abrir', 'MNQ', 20, 158, 5939.0)"
2017-07-27 09:45:00-04:00,2017-07-27 09:45:00-04:00,NQ,short,5981.52,5986.97,"('abrir', 'MNQ', 19, 207, 5970.6)"
2017-07-27 10:30:00-04:00,2017-07-27 10:30:00-04:00,NQ,short,5986.47,5991.57,"('abrir', 'MNQ', 20, 204, 5976.3)"
2017-07-28 09:50:00-04:00,2017-07-28 09:50:00-04:00,NQ,long,5884.07,5867.17,"('abrir', 'MNQ', 6, 203, 5917.9)"
2017-07-31 10:15:00-04:00,2017-07-31 10:15:00-04:00,NQ,short,5898.82,5905.17,"('abrir', 'MNQ', 16, 203, 5886.1)"
2017-08-01 03:25:00-04:00,2017-08-01 03:25:00-04:00,NQ,long,5903.92,5898.87,"('abrir', 'MNQ', 20, 202, 5914.0)"
2017-08-01 11:05:00-04:00,2017-08-01 11:05:00-04:00,NQ,long,5892.47,5881.87,"('abrir', 'MNQ', 10, 212, 5913.7)"
2017-08-02 10:05:00-04:00,2017-08-02 10:05:00-04:00,NQ,short,5916.92,5926.87,"('abrir', 'MNQ', 10, 199, 5897.0)"
2017-08-03 09:40:00-04:00,2017-08-03 09:40:00-04:00,NQ,short,5911.97,5916.87,"('abrir', 'MNQ', 20, 196, 5902.2)"
2017-08-04 02:50:00-04:00,2017-08-04 02:50:00-04:00,NQ,long,5887.02,5885.02,"('abrir', 'MNQ', 20, 80, 5891.0)"
2017-08-04 10:25:00-04:00,2017-08-04 10:25:00-04:00,NQ,short,5892.72,5902.07,"('abrir', 'MNQ', 11, 206, 5874.0)"
2017-08-07 10:15:00-04:00,2017-08-07 10:15:00-04:00,NQ,long,5909.52,5906.17,"('abrir', 'MNQ', 20, 134, 5916.2)"
2017-08-08 03:15:00-04:00,2017-08-08 03:15:00-04:00,NQ,long,5930.02,5927.57,"('abrir', 'MNQ', 20, 98, 5934.9)"
2017-08-08 04:50:00-04:00,2017-08-08 04:50:00-04:00,NQ,short,5931.27,5935.27,"('skip', 'ya hay posición en MNQ')"
2017-08-08 09:45:00-04:00,2017-08-08 09:45:00-04:00,NQ,short,5917.97,5922.57,"('abrir', 'MNQ', 20, 184, 5908.8)"
2017-08-09 10:00:00-04:00,2017-08-09 10:00:00-04:00,NQ,long,5879.42,5869.97,"('abrir', 'MNQ', 11, 208, 5898.3)"
2017-08-09 12:55:00-04:00,2017-08-09 12:55:00-04:00,NQ,long,5902.97,5895.77,"('abrir', 'MNQ', 15, 216, 5917.4)"
2017-08-11 03:35:00-04:00,2017-08-11 03:35:00-04:00,NQ,long,5777.77,5773.17,"('abrir', 'MNQ', 20, 184, 5787.0)"
2017-08-11 10:15:00-04:00,2017-08-11 10:15:00-04:00,NQ,long,5811.47,5805.37,"('abrir', 'MNQ', 17, 207, 5823.7)"
2017-08-11 11:35:00-04:00,2017-08-11 11:35:00-04:00,NQ,short,5813.77,5815.77,"('abrir', 'MNQ', 20, 80, 5809.8)"
2017-08-15 04:10:00-04:00,2017-08-15 04:10:00-04:00,NQ,short,5912.87,5914.87,"('abrir', 'MNQ', 20, 80, 5908.9)"
2017-08-15 05:20:00-04:00,2017-08-15 05:20:00-04:00,NQ,long,5917.07,5915.07,"('abrir', 'MNQ', 20, 80, 5921.1)"
2017-08-15 09:55:00-04:00,2017-08-15 09:55:00-04:00,NQ,short,5903.72,5911.47,"('abrir', 'MNQ', 14, 217, 5888.2)"
2017-08-16 05:30:00-04:00,2017-08-16 05:30:00-04:00,NQ,short,5922.12,5925.07,"('abrir', 'MNQ', 20, 118, 5916.2)"
2017-08-16 10:25:00-04:00,2017-08-16 10:25:00-04:00,NQ,short,5910.27,5918.07,"('abrir', 'MNQ', 13, 203, 5894.7)"
2017-08-17 04:00:00-04:00,2017-08-17 04:00:00-04:00,NQ,long,5907.27,5905.17,"('abrir', 'MNQ', 20, 84, 5911.5)"
2017-08-18 05:00:00-04:00,2017-08-18 05:00:00-04:00,NQ,short,5787.77,5795.57,"('abrir', 'MNQ', 13, 203, 5772.2)"
2017-08-18 11:15:00-04:00,2017-08-18 11:15:00-04:00,NQ,short,5792.77,5803.97,"('abrir', 'MNQ', 9, 202, 5770.4)"
2017-08-21 09:50:00-04:00,2017-08-21 09:50:00-04:00,NQ,long,5792.52,5779.17,"('abrir', 'MNQ', 8, 214, 5819.2)"
2017-08-21 11:50:00-04:00,2017-08-21 11:50:00-04:00,NQ,long,5782.17,5779.37,"('abrir', 'MNQ', 20, 112, 5787.8)"
2017-08-23 03:10:00-04:00,2017-08-23 03:10:00-04:00,NQ,long,5866.42,5862.07,"('abrir', 'MNQ', 20, 174, 5875.1)"
2017-08-23 04:40:00-04:00,2017-08-23 04:40:00-04:00,NQ,short,5864.37,5868.97,"('skip', 'ya hay posición en MNQ')"
2017-08-24 10:45:00-04:00,2017-08-24 10:45:00-04:00,NQ,long,5842.57,5835.57,"('abrir', 'MNQ', 15, 210, 5856.6)"
2017-08-25 03:55:00-04:00,2017-08-25 03:55:00-04:00,NQ,short,5838.32,5841.87,"('abrir', 'MNQ', 20, 142, 5831.2)"
2017-08-25 05:25:00-04:00,2017-08-25 05:25:00-04:00,NQ,short,5841.72,5845.47,"('abrir', 'MNQ', 20, 150, 5834.2)"
2017-08-25 10:20:00-04:00,2017-08-25 10:20:00-04:00,NQ,long,5853.77,5843.47,"('abrir', 'MNQ', 10, 206, 5874.4)"
2017-08-28 10:00:00-04:00,2017-08-28 10:00:00-04:00,NQ,short,5828.72,5835.17,"('abrir', 'MNQ', 16, 206, 5815.8)"
2017-08-30 03:30:00-04:00,2017-08-30 03:30:00-04:00,NQ,short,5891.07,5893.87,"('abrir', 'MNQ', 20, 112, 5885.5)"
2017-08-31 03:00:00-04:00,2017-08-31 03:00:00-04:00,NQ,short,5941.42,5943.42,"('abrir', 'MNQ', 20, 80, 5937.4)"
2017-08-31 04:00:00-04:00,2017-08-31 04:00:00-04:00,NQ,short,5937.77,5939.77,"('abrir', 'MNQ', 20, 80, 5933.8)"
2017-08-31 04:15:00-04:00,2017-08-31 04:15:00-04:00,NQ,short,5942.02,5944.02,"('abrir', 'MNQ', 20, 80, 5938.0)"
2017-08-31 11:10:00-04:00,2017-08-31 11:10:00-04:00,NQ,short,5966.72,5970.87,FRENO_DIARIO
2017-09-01 03:30:00-04:00,2017-09-01 03:30:00-04:00,NQ,short,5993.57,5996.67,"('abrir', 'MNQ', 20, 124, 5987.4)"
2017-09-01 04:00:00-04:00,2017-09-01 04:00:00-04:00,NQ,short,5996.82,5999.17,"('skip', 'ya hay posición en MNQ')"
2017-09-01 10:10:00-04:00,2017-09-01 10:10:00-04:00,NQ,short,5978.67,5984.57,"('abrir', 'MNQ', 17, 201, 5966.9)"
2017-09-01 11:15:00-04:00,2017-09-01 11:15:00-04:00,NQ,long,5986.97,5984.97,"('abrir', 'MNQ', 20, 80, 5991.0)"
2017-09-01 12:05:00-04:00,2017-09-01 12:05:00-04:00,NQ,long,5990.22,5987.87,FRENO_DIARIO
2017-09-04 03:50:00-04:00,2017-09-04 03:50:00-04:00,NQ,long,5955.22,5950.47,"('abrir', 'MNQ', 20, 190, 5964.7)"
2017-09-04 11:20:00-04:00,2017-09-04 11:20:00-04:00,NQ,long,5969.77,5967.77,"('abrir', 'MNQ', 20, 80, 5973.8)"
2017-09-04 11:30:00-04:00,2017-09-04 11:30:00-04:00,NQ,long,5968.47,5959.17,"('skip', 'ya hay posición en MNQ')"
2017-09-05 09:45:00-04:00,2017-09-05 09:45:00-04:00,NQ,short,5961.27,5971.87,"('abrir', 'MNQ', 9, 191, 5940.1)"
2017-09-05 09:55:00-04:00,2017-09-05 09:55:00-04:00,NQ,short,5968.97,5979.07,"('abrir', 'MNQ', 10, 202, 5948.8)"
2017-09-05 10:20:00-04:00,2017-09-05 10:20:00-04:00,NQ,long,5968.12,5966.12,"('skip', 'ya hay posición en MNQ')"
2017-09-06 04:25:00-04:00,2017-09-06 04:25:00-04:00,NQ,long,5946.12,5936.77,"('abrir', 'MNQ', 11, 206, 5964.8)"
2017-09-06 09:45:00-04:00,2017-09-06 09:45:00-04:00,NQ,short,5944.42,5949.97,"('skip', 'ya hay posición en MNQ')"
2017-09-07 03:15:00-04:00,2017-09-07 03:15:00-04:00,NQ,short,5942.62,5946.57,"('abrir', 'MNQ', 20, 158, 5934.7)"
2017-09-07 04:50:00-04:00,2017-09-07 04:50:00-04:00,NQ,long,5943.02,5939.77,"('abrir', 'MNQ', 20, 130, 5949.5)"
2017-09-07 10:15:00-04:00,2017-09-07 10:15:00-04:00,NQ,short,5950.97,5955.37,"('abrir', 'MNQ', 20, 176, 5942.2)"
2017-09-08 11:10:00-04:00,2017-09-08 11:10:00-04:00,NQ,long,5942.92,5937.07,"('abrir', 'MNQ', 17, 199, 5954.6)"
2017-09-11 03:30:00-04:00,2017-09-11 03:30:00-04:00,NQ,long,5949.42,5947.42,"('abrir', 'MNQ', 20, 80, 5953.4)"
2017-09-11 03:50:00-04:00,2017-09-11 03:50:00-04:00,NQ,long,5951.62,5948.57,"('abrir', 'MNQ', 20, 122, 5957.7)"
2017-09-12 03:20:00-04:00,2017-09-12 03:20:00-04:00,NQ,short,5984.82,5988.37,"('abrir', 'MNQ', 20, 142, 5977.7)"
2017-09-12 11:20:00-04:00,2017-09-12 11:20:00-04:00,NQ,long,5978.97,5971.87,"('abrir', 'MNQ', 14, 199, 5993.2)"
2017-09-12 12:40:00-04:00,2017-09-12 12:40:00-04:00,NQ,long,5982.12,5974.57,"('skip', 'ya hay posición en MNQ')"
2017-09-13 04:05:00-04:00,2017-09-13 04:05:00-04:00,NQ,short,5986.37,5989.27,"('abrir', 'MNQ', 20, 116, 5980.6)"
2017-09-13 10:45:00-04:00,2017-09-13 10:45:00-04:00,NQ,long,5985.12,5979.07,"('abrir', 'MNQ', 17, 206, 5997.2)"
2017-09-13 11:50:00-04:00,2017-09-13 11:50:00-04:00,NQ,short,5983.92,5987.97,"('abrir', 'MNQ', 20, 162, 5975.8)"
2017-09-13 12:05:00-04:00,2017-09-13 12:05:00-04:00,NQ,short,5987.22,5990.87,"('abrir', 'MNQ', 20, 146, 5979.9)"
2017-09-14 03:25:00-04:00,2017-09-14 03:25:00-04:00,NQ,long,5992.22,5990.22,"('abrir', 'MNQ', 20, 80, 5996.2)"
2017-09-14 11:30:00-04:00,2017-09-14 11:30:00-04:00,NQ,long,5990.87,5988.07,"('abrir', 'MNQ', 20, 112, 5996.5)"
2017-09-15 03:35:00-04:00,2017-09-15 03:35:00-04:00,NQ,short,5959.67,5962.07,"('abrir', 'MNQ', 20, 96, 5954.9)"
2017-09-15 04:50:00-04:00,2017-09-15 04:50:00-04:00,NQ,long,5959.77,5957.77,"('abrir', 'MNQ', 20, 80, 5963.8)"
2017-09-15 09:50:00-04:00,2017-09-15 09:50:00-04:00,NQ,long,5960.27,5956.37,"('abrir', 'MNQ', 20, 156, 5968.1)"
2017-09-15 11:40:00-04:00,2017-09-15 11:40:00-04:00,NQ,long,5991.37,5985.17,"('abrir', 'MNQ', 16, 198, 6003.8)"
2017-09-18 04:35:00-04:00,2017-09-18 04:35:00-04:00,NQ,long,5999.02,5995.37,"('abrir', 'MNQ', 20, 146, 6006.3)"
2017-09-18 06:00:00-04:00,2017-09-18 06:00:00-04:00,NQ,long,5999.92,5995.17,"('skip', 'ya hay posición en MNQ')"
2017-09-18 10:25:00-04:00,2017-09-18 10:25:00-04:00,NQ,short,6003.57,6007.07,"('abrir', 'MNQ', 20, 140, 5996.6)"
2017-09-19 04:00:00-04:00,2017-09-19 04:00:00-04:00,NQ,long,5977.82,5975.82,"('abrir', 'MNQ', 20, 80, 5981.8)"
2017-09-19 11:20:00-04:00,2017-09-19 11:20:00-04:00,NQ,short,5982.47,5990.57,"('abrir', 'MNQ', 12, 194, 5966.3)"
2017-09-22 05:00:00-04:00,2017-09-22 05:00:00-04:00,NQ,long,5922.77,5920.77,"('abrir', 'MNQ', 20, 80, 5926.8)"
2017-09-22 09:50:00-04:00,2017-09-22 09:50:00-04:00,NQ,long,5922.77,5911.47,"('abrir', 'MNQ', 9, 203, 5945.4)"
2017-09-22 12:00:00-04:00,2017-09-22 12:00:00-04:00,NQ,short,5924.72,5926.72,"('skip', 'ya hay posición en MNQ')"
2017-09-25 05:00:00-04:00,2017-09-25 05:00:00-04:00,NQ,long,5924.17,5922.17,"('skip', 'ya hay posición en MNQ')"
2017-09-25 05:35:00-04:00,2017-09-25 05:35:00-04:00,NQ,long,5919.87,5916.37,"('skip', 'ya hay posición en MNQ')"
2017-09-25 10:20:00-04:00,2017-09-25 10:20:00-04:00,NQ,long,5896.82,5889.67,"('abrir', 'MNQ', 14, 200, 5911.1)"
2017-09-26 09:50:00-04:00,2017-09-26 09:50:00-04:00,NQ,long,5896.92,5888.97,"('abrir', 'MNQ', 12, 191, 5912.8)"
2017-09-26 12:05:00-04:00,2017-09-26 12:05:00-04:00,NQ,short,5880.72,5882.72,"('abrir', 'MNQ', 20, 80, 5876.7)"
2017-09-27 05:20:00-04:00,2017-09-27 05:20:00-04:00,NQ,short,5899.62,5901.87,"('abrir', 'MNQ', 20, 90, 5895.1)"
2017-09-27 10:40:00-04:00,2017-09-27 10:40:00-04:00,NQ,short,5909.77,5917.17,"('abrir', 'MNQ', 13, 192, 5895.0)"
2017-09-28 03:50:00-04:00,2017-09-28 03:50:00-04:00,NQ,short,5932.27,5935.57,"('abrir', 'MNQ', 20, 132, 5925.7)"
2017-09-28 10:55:00-04:00,2017-09-28 10:55:00-04:00,NQ,long,5925.82,5920.47,"('abrir', 'MNQ', 19, 203, 5936.5)"
2017-09-29 09:40:00-04:00,2017-09-29 09:40:00-04:00,NQ,long,5944.97,5938.87,"('abrir', 'MNQ', 16, 195, 5957.2)"
2017-09-29 10:05:00-04:00,2017-09-29 10:05:00-04:00,NQ,short,5940.32,5942.32,"('abrir', 'MNQ', 20, 80, 5936.3)"
2017-10-02 04:30:00-04:00,2017-10-02 04:30:00-04:00,NQ,short,5983.67,5987.37,"('abrir', 'MNQ', 20, 148, 5976.3)"
2017-10-02 09:40:00-04:00,2017-10-02 09:40:00-04:00,NQ,long,5987.82,5983.57,"('abrir', 'MNQ', 20, 170, 5996.3)"
2017-10-02 11:15:00-04:00,2017-10-02 11:15:00-04:00,NQ,short,5999.77,6001.77,"('abrir', 'MNQ', 20, 80, 5995.8)"
2017-10-02 12:20:00-04:00,2017-10-02 12:20:00-04:00,NQ,short,5966.57,5976.37,"('abrir', 'MNQ', 10, 196, 5947.0)"
2017-10-03 04:00:00-04:00,2017-10-03 04:00:00-04:00,NQ,short,5985.37,5988.47,"('abrir', 'MNQ', 20, 124, 5979.2)"
2017-10-03 10:30:00-04:00,2017-10-03 10:30:00-04:00,NQ,short,5987.02,5995.07,"('abrir', 'MNQ', 12, 193, 5970.9)"
2017-10-03 12:20:00-04:00,2017-10-03 12:20:00-04:00,NQ,long,5990.32,5980.77,"('skip', 'ya hay posición en MNQ')"
2017-10-04 03:00:00-04:00,2017-10-04 03:00:00-04:00,NQ,long,5989.92,5987.92,"('abrir', 'MNQ', 20, 80, 5993.9)"
2017-10-04 09:40:00-04:00,2017-10-04 09:40:00-04:00,NQ,long,5982.67,5978.37,"('abrir', 'MNQ', 20, 172, 5991.3)"
2017-10-05 03:50:00-04:00,2017-10-05 03:50:00-04:00,NQ,long,6000.17,5997.07,"('abrir', 'MNQ', 20, 124, 6006.4)"
2017-10-05 05:45:00-04:00,2017-10-05 05:45:00-04:00,NQ,short,6002.57,6004.57,"('skip', 'ya hay posición en MNQ')"
2017-10-05 09:40:00-04:00,2017-10-05 09:40:00-04:00,NQ,long,6023.32,6015.37,"('abrir', 'MNQ', 12, 191, 6039.2)"
2017-10-06 03:15:00-04:00,2017-10-06 03:15:00-04:00,NQ,short,6062.22,6064.67,"('abrir', 'MNQ', 20, 98, 6057.3)"
2017-10-06 04:15:00-04:00,2017-10-06 04:15:00-04:00,NQ,short,6060.42,6062.42,"('skip', 'ya hay posición en MNQ')"
2017-10-06 11:25:00-04:00,2017-10-06 11:25:00-04:00,NQ,short,6054.17,6059.07,"('abrir', 'MNQ', 20, 196, 6044.4)"
2017-10-09 04:10:00-04:00,2017-10-09 04:10:00-04:00,NQ,short,6068.87,6070.87,"('abrir', 'MNQ', 20, 80, 6064.9)"
2017-10-09 09:55:00-04:00,2017-10-09 09:55:00-04:00,NQ,short,6072.43,6075.0,"('abrir', 'MNQ', 20, 103, 6067.3)"
2017-10-09 10:55:00-04:00,2017-10-09 10:55:00-04:00,NQ,short,6066.92,6071.07,"('abrir', 'MNQ', 20, 166, 6058.6)"
2017-10-09 11:35:00-04:00,2017-10-09 11:35:00-04:00,NQ,long,6068.22,6064.97,FRENO_DIARIO
2017-10-10 04:55:00-04:00,2017-10-10 04:55:00-04:00,NQ,short,6067.07,6069.07,"('abrir', 'MNQ', 20, 80, 6063.1)"
2017-10-10 09:45:00-04:00,2017-10-10 09:45:00-04:00,NQ,long,6076.17,6071.37,"('abrir', 'MNQ', 20, 192, 6085.8)"
2017-10-11 10:15:00-04:00,2017-10-11 10:15:00-04:00,NQ,long,6064.67,6060.07,"('abrir', 'MNQ', 20, 184, 6073.9)"
2017-10-13 03:30:00-04:00,2017-10-13 03:30:00-04:00,NQ,short,6072.07,6074.67,"('abrir', 'MNQ', 20, 104, 6066.9)"
2017-10-13 04:50:00-04:00,2017-10-13 04:50:00-04:00,NQ,short,6070.92,6075.07,"('skip', 'ya hay posición en MNQ')"
2017-10-13 09:45:00-04:00,2017-10-13 09:45:00-04:00,NQ,short,6092.97,6095.87,"('abrir', 'MNQ', 20, 116, 6087.2)"
2017-10-16 03:15:00-04:00,2017-10-16 03:15:00-04:00,NQ,short,6101.27,6103.27,"('abrir', 'MNQ', 20, 80, 6097.3)"
2017-10-16 04:05:00-04:00,2017-10-16 04:05:00-04:00,NQ,long,6104.67,6100.57,"('abrir', 'MNQ', 20, 164, 6112.9)"
2017-10-16 10:35:00-04:00,2017-10-16 10:35:00-04:00,NQ,short,6106.72,6109.87,"('abrir', 'MNQ', 20, 126, 6100.4)"
2017-10-17 04:30:00-04:00,2017-10-17 04:30:00-04:00,NQ,short,6114.67,6116.67,"('abrir', 'MNQ', 20, 80, 6110.7)"
2017-10-17 06:00:00-04:00,2017-10-17 06:00:00-04:00,NQ,long,6113.87,6111.87,"('skip', 'ya hay posición en MNQ')"
2017-10-17 10:10:00-04:00,2017-10-17 10:10:00-04:00,NQ,long,6110.47,6106.37,"('abrir', 'MNQ', 20, 164, 6118.7)"
2017-10-17 10:35:00-04:00,2017-10-17 10:35:00-04:00,NQ,short,6107.17,6110.87,"('abrir', 'MNQ', 20, 148, 6099.8)"
2017-10-18 03:45:00-04:00,2017-10-18 03:45:00-04:00,NQ,long,6120.67,6118.67,"('abrir', 'MNQ', 20, 80, 6124.7)"
2017-10-18 10:45:00-04:00,2017-10-18 10:45:00-04:00,NQ,short,6120.27,6123.57,"('abrir', 'MNQ', 20, 132, 6113.7)"
2017-10-19 12:10:00-04:00,2017-10-19 12:10:00-04:00,NQ,short,6072.32,6075.97,"('abrir', 'MNQ', 20, 146, 6065.0)"
2017-10-20 11:40:00-04:00,2017-10-20 11:40:00-04:00,NQ,short,6110.72,6118.37,"('abrir', 'MNQ', 12, 184, 6095.4)"
2017-10-23 04:15:00-04:00,2017-10-23 04:15:00-04:00,NQ,long,6106.72,6103.37,"('abrir', 'MNQ', 20, 134, 6113.4)"
2017-10-24 03:40:00-04:00,2017-10-24 03:40:00-04:00,NQ,long,6067.42,6065.27,"('abrir', 'MNQ', 20, 86, 6071.7)"
2017-10-24 05:30:00-04:00,2017-10-24 05:30:00-04:00,NQ,long,6068.57,6064.07,"('abrir', 'MNQ', 20, 180, 6077.6)"
2017-10-24 10:05:00-04:00,2017-10-24 10:05:00-04:00,NQ,short,6070.72,6078.07,"('abrir', 'MNQ', 13, 191, 6056.0)"
2017-10-25 04:10:00-04:00,2017-10-25 04:10:00-04:00,NQ,long,6066.62,6062.97,"('abrir', 'MNQ', 20, 146, 6073.9)"
2017-10-25 05:35:00-04:00,2017-10-25 05:35:00-04:00,NQ,short,6066.47,6069.07,"('abrir', 'MNQ', 20, 104, 6061.3)"
2017-10-25 09:50:00-04:00,2017-10-25 09:50:00-04:00,NQ,long,6070.57,6065.27,"('abrir', 'MNQ', 18, 191, 6081.2)"
2017-10-26 02:35:00-04:00,2017-10-26 02:35:00-04:00,NQ,long,6058.97,6056.97,"('abrir', 'MNQ', 20, 80, 6063.0)"
2017-10-26 10:30:00-04:00,2017-10-26 10:30:00-04:00,NQ,short,6051.92,6060.47,"('abrir', 'MNQ', 11, 188, 6034.8)"
2017-10-26 10:55:00-04:00,2017-10-26 10:55:00-04:00,NQ,long,6061.52,6056.57,"('abrir', 'MNQ', 19, 188, 6071.4)"
2017-10-26 12:00:00-04:00,2017-10-26 12:00:00-04:00,NQ,short,6055.22,6059.87,"('abrir', 'MNQ', 20, 186, 6045.9)"
2017-10-30 03:10:00-04:00,2017-10-30 03:10:00-04:00,NQ,long,6216.82,6214.07,"('abrir', 'MNQ', 20, 110, 6222.3)"
2017-10-30 11:40:00-04:00,2017-10-30 11:40:00-04:00,NQ,short,6222.32,6226.37,"('abrir', 'MNQ', 20, 162, 6214.2)"
2017-10-31 09:40:00-04:00,2017-10-31 09:40:00-04:00,NQ,short,6243.12,6247.37,"('abrir', 'MNQ', 20, 170, 6234.6)"
2017-10-31 12:05:00-04:00,2017-10-31 12:05:00-04:00,NQ,long,6244.72,6242.72,"('abrir', 'MNQ', 20, 80, 6248.7)"
2017-11-01 04:15:00-04:00,2017-11-01 04:15:00-04:00,NQ,short,6275.67,6279.97,"('abrir', 'MNQ', 20, 172, 6267.1)"
2017-11-01 10:25:00-04:00,2017-11-01 10:25:00-04:00,NQ,short,6256.78,6260.07,"('abrir', 'MNQ', 20, 131, 6250.2)"
2017-11-01 11:10:00-04:00,2017-11-01 11:10:00-04:00,NQ,short,6259.57,6265.07,"('abrir', 'MNQ', 17, 187, 6248.6)"
2017-11-01 12:30:00-04:00,2017-11-01 12:30:00-04:00,NQ,short,6255.37,6260.77,"('abrir', 'MNQ', 18, 194, 6244.6)"
2017-11-02 05:25:00-04:00,2017-11-02 05:25:00-04:00,NQ,short,6233.57,6236.17,"('abrir', 'MNQ', 20, 104, 6228.4)"
2017-11-02 09:45:00-04:00,2017-11-02 09:45:00-04:00,NQ,short,6235.47,6241.07,"('abrir', 'MNQ', 17, 190, 6224.3)"
2017-11-02 12:25:00-04:00,2017-11-02 12:25:00-04:00,NQ,short,6224.72,6233.37,"('abrir', 'MNQ', 11, 190, 6207.4)"
2017-11-03 04:20:00-04:00,2017-11-03 04:20:00-04:00,NQ,short,6248.22,6252.07,"('abrir', 'MNQ', 20, 154, 6240.5)"
2017-11-07 04:10:00-05:00,2017-11-07 04:10:00-05:00,NQ,short,6318.57,6320.57,"('abrir', 'MNQ', 20, 80, 6314.6)"
2017-11-07 10:00:00-05:00,2017-11-07 10:00:00-05:00,NQ,long,6314.32,6308.37,"('abrir', 'MNQ', 16, 190, 6326.2)"
2017-11-07 12:35:00-05:00,2017-11-07 12:35:00-05:00,NQ,short,6310.62,6318.17,"('abrir', 'MNQ', 12, 181, 6295.5)"
2017-11-08 05:25:00-05:00,2017-11-08 05:25:00-05:00,NQ,short,6317.52,6324.37,"('abrir', 'MNQ', 14, 192, 6303.8)"
2017-11-09 02:30:00-05:00,2017-11-09 02:30:00-05:00,NQ,short,6338.67,6341.67,"('abrir', 'MNQ', 20, 120, 6332.7)"
2017-11-09 03:55:00-05:00,2017-11-09 03:55:00-05:00,NQ,short,6334.12,6336.12,"('abrir', 'MNQ', 20, 80, 6330.1)"
2017-11-09 10:00:00-05:00,2017-11-09 10:00:00-05:00,NQ,short,6294.17,6302.67,"('abrir', 'MNQ', 11, 187, 6277.2)"
2017-11-09 10:15:00-05:00,2017-11-09 10:15:00-05:00,NQ,long,6299.87,6289.37,"('abrir', 'MNQ', 9, 189, 6320.9)"
2017-11-10 04:05:00-05:00,2017-11-10 04:05:00-05:00,NQ,long,6298.59,6294.57,"('abrir', 'MNQ', 20, 161, 6306.6)"
2017-11-10 10:55:00-05:00,2017-11-10 10:55:00-05:00,NQ,short,6292.82,6300.87,"('abrir', 'MNQ', 11, 177, 6276.7)"
2017-11-13 04:05:00-05:00,2017-11-13 04:05:00-05:00,NQ,short,6312.17,6314.67,"('abrir', 'MNQ', 20, 100, 6307.2)"
2017-11-13 04:45:00-05:00,2017-11-13 04:45:00-05:00,NQ,short,6310.37,6312.87,"('abrir', 'MNQ', 20, 100, 6305.4)"
2017-11-13 09:50:00-05:00,2017-11-13 09:50:00-05:00,NQ,long,6294.17,6291.07,"('abrir', 'MNQ', 20, 124, 6300.4)"
2017-11-13 11:30:00-05:00,2017-11-13 11:30:00-05:00,NQ,long,6312.22,6303.57,"('abrir', 'MNQ', 11, 190, 6329.5)"
2017-11-14 04:20:00-05:00,2017-11-14 04:20:00-05:00,NQ,short,6311.42,6313.42,"('skip', 'ya hay posición en MNQ')"
2017-11-14 04:45:00-05:00,2017-11-14 04:45:00-05:00,NQ,short,6309.12,6312.06,"('skip', 'ya hay posición en MNQ')"
2017-11-14 12:05:00-05:00,2017-11-14 12:05:00-05:00,NQ,long,6293.62,6287.57,"('abrir', 'MNQ', 15, 182, 6305.7)"
2017-11-15 11:05:00-05:00,2017-11-15 11:05:00-05:00,NQ,long,6265.72,6260.47,"('abrir', 'MNQ', 18, 189, 6276.2)"
2017-11-15 12:00:00-05:00,2017-11-15 12:00:00-05:00,NQ,long,6265.72,6245.67,"('abrir', 'MNQ', 4, 160, 6305.8)"
2017-11-17 03:25:00-05:00,2017-11-17 03:25:00-05:00,NQ,long,6342.57,6340.47,"('abrir', 'MNQ', 20, 84, 6346.8)"
2017-11-17 04:30:00-05:00,2017-11-17 04:30:00-05:00,NQ,short,6336.37,6338.37,"('abrir', 'MNQ', 20, 80, 6332.4)"
2017-11-17 11:20:00-05:00,2017-11-17 11:20:00-05:00,NQ,short,6330.92,6337.57,"('abrir', 'MNQ', 14, 186, 6317.6)"
2017-11-20 04:50:00-05:00,2017-11-20 04:50:00-05:00,NQ,short,6300.12,6302.12,"('abrir', 'MNQ', 20, 80, 6296.1)"
2017-11-21 03:25:00-05:00,2017-11-21 03:25:00-05:00,NQ,short,6309.97,6312.47,"('abrir', 'MNQ', 20, 100, 6305.0)"
2017-11-22 10:00:00-05:00,2017-11-22 10:00:00-05:00,NQ,short,6378.17,6388.07,"('abrir', 'MNQ', 9, 178, 6358.4)"
2017-11-22 10:50:00-05:00,2017-11-22 10:50:00-05:00,NQ,long,6378.62,6376.57,"('skip', 'ya hay posición en MNQ')"
2017-11-22 11:20:00-05:00,2017-11-22 11:20:00-05:00,NQ,long,6377.47,6369.57,"('skip', 'ya hay posición en MNQ')"
2017-11-23 04:35:00-05:00,2017-11-23 04:35:00-05:00,NQ,long,6381.77,6379.77,"('abrir', 'MNQ', 20, 80, 6385.8)"
2017-11-24 04:20:00-05:00,2017-11-24 04:20:00-05:00,NQ,long,6385.37,6383.37,"('abrir', 'MNQ', 20, 80, 6389.4)"
2017-11-24 09:55:00-05:00,2017-11-24 09:55:00-05:00,NQ,short,6393.32,6395.32,"('abrir', 'MNQ', 20, 80, 6389.3)"
2017-11-27 11:50:00-05:00,2017-11-27 11:50:00-05:00,NQ,short,6404.82,6410.57,"('abrir', 'MNQ', 17, 196, 6393.3)"
2017-11-28 05:10:00-05:00,2017-11-28 05:10:00-05:00,NQ,long,6409.42,6405.07,"('abrir', 'MNQ', 20, 174, 6418.1)"
2017-11-29 03:05:00-05:00,2017-11-29 03:05:00-05:00,NQ,short,6419.17,6421.17,"('abrir', 'MNQ', 20, 80, 6415.2)"
2017-11-29 04:00:00-05:00,2017-11-29 04:00:00-05:00,NQ,short,6410.62,6414.37,"('abrir', 'MNQ', 20, 150, 6403.1)"
2017-12-01 11:05:00-05:00,2017-12-01 11:05:00-05:00,NQ,long,6339.32,6318.87,"('abrir', 'MNQ', 4, 164, 6380.2)"
2017-12-01 11:40:00-05:00,2017-12-01 11:40:00-05:00,NQ,short,6300.57,6316.37,"('abrir', 'MNQ', 6, 190, 6269.0)"
2017-12-04 03:25:00-05:00,2017-12-04 03:25:00-05:00,NQ,short,6367.37,6369.37,"('abrir', 'MNQ', 20, 80, 6363.4)"
2017-12-04 12:20:00-05:00,2017-12-04 12:20:00-05:00,NQ,long,6296.67,6282.57,"('abrir', 'MNQ', 6, 169, 6324.9)"
2017-12-06 04:55:00-05:00,2017-12-06 04:55:00-05:00,NQ,long,6240.93,6233.57,"('abrir', 'MNQ', 13, 191, 6255.6)"
2017-12-06 09:45:00-05:00,2017-12-06 09:45:00-05:00,NQ,long,6266.37,6252.77,"('abrir', 'MNQ', 7, 190, 6293.6)"
2017-12-06 10:45:00-05:00,2017-12-06 10:45:00-05:00,NQ,short,6273.92,6282.47,"('skip', 'ya hay posición en MNQ')"
2017-12-06 12:50:00-05:00,2017-12-06 12:50:00-05:00,NQ,short,6279.42,6282.97,"('skip', 'ya hay posición en MNQ')"
2017-12-07 11:25:00-05:00,2017-12-07 11:25:00-05:00,NQ,short,6320.32,6323.49,"('abrir', 'MNQ', 20, 127, 6314.0)"
2017-12-08 05:25:00-05:00,2017-12-08 05:25:00-05:00,NQ,long,6350.66,6344.57,"('abrir', 'MNQ', 16, 195, 6362.9)"
2017-12-08 12:15:00-05:00,2017-12-08 12:15:00-05:00,NQ,short,6355.93,6361.99,"('abrir', 'MNQ', 16, 194, 6343.8)"
2017-12-08 12:25:00-05:00,2017-12-08 12:25:00-05:00,NQ,short,6361.68,6366.77,"('skip', 'ya hay posición en MNQ')"
2017-12-11 03:10:00-05:00,2017-12-11 03:10:00-05:00,NQ,short,6354.33,6356.33,"('abrir', 'MNQ', 20, 80, 6350.3)"
2017-12-11 09:55:00-05:00,2017-12-11 09:55:00-05:00,NQ,long,6350.47,6343.07,"('abrir', 'MNQ', 13, 192, 6365.3)"
2017-12-12 04:25:00-05:00,2017-12-12 04:25:00-05:00,NQ,short,6400.11,6403.99,"('abrir', 'MNQ', 20, 155, 6392.4)"
2017-12-12 11:15:00-05:00,2017-12-12 11:15:00-05:00,NQ,long,6392.37,6389.07,"('abrir', 'MNQ', 20, 132, 6399.0)"
2017-12-12 11:35:00-05:00,2017-12-12 11:35:00-05:00,NQ,long,6395.62,6391.07,"('abrir', 'MNQ', 20, 182, 6404.7)"
2017-12-13 03:55:00-05:00,2017-12-13 03:55:00-05:00,NQ,long,6386.09,6383.87,"('abrir', 'MNQ', 20, 89, 6390.5)"
2017-12-13 10:15:00-05:00,2017-12-13 10:15:00-05:00,NQ,short,6406.79,6412.27,"('abrir', 'MNQ', 18, 197, 6395.8)"
2017-12-15 09:50:00-05:00,2017-12-15 09:50:00-05:00,NQ,long,6406.46,6402.46,"('abrir', 'MNQ', 20, 160, 6414.5)"
2017-12-18 10:30:00-05:00,2017-12-18 10:30:00-05:00,NQ,long,6510.12,6506.37,"('abrir', 'MNQ', 20, 150, 6517.6)"
2017-12-19 04:25:00-05:00,2017-12-19 04:25:00-05:00,NQ,short,6522.32,6526.07,"('abrir', 'MNQ', 20, 150, 6514.8)"
2017-12-19 11:40:00-05:00,2017-12-19 11:40:00-05:00,NQ,long,6479.42,6475.47,"('abrir', 'MNQ', 20, 158, 6487.3)"
2017-12-20 03:55:00-05:00,2017-12-20 03:55:00-05:00,NQ,short,6497.67,6499.97,"('abrir', 'MNQ', 20, 92, 6493.1)"
2017-12-21 04:25:00-05:00,2017-12-21 04:25:00-05:00,NQ,long,6465.37,6462.87,"('abrir', 'MNQ', 20, 100, 6470.4)"
2017-12-21 10:00:00-05:00,2017-12-21 10:00:00-05:00,NQ,short,6473.27,6482.37,"('abrir', 'MNQ', 11, 200, 6455.1)"
2017-12-21 10:35:00-05:00,2017-12-21 10:35:00-05:00,NQ,short,6482.22,6486.47,"('skip', 'ya hay posición en MNQ')"
2017-12-22 11:20:00-05:00,2017-12-22 11:20:00-05:00,NQ,short,6462.97,6467.58,"('abrir', 'MNQ', 20, 184, 6453.7)"
2017-12-26 04:20:00-05:00,2017-12-26 04:20:00-05:00,NQ,long,6459.92,6456.17,"('abrir', 'MNQ', 20, 150, 6467.4)"
2017-12-26 10:05:00-05:00,2017-12-26 10:05:00-05:00,NQ,short,6428.32,6433.17,"('abrir', 'MNQ', 20, 194, 6418.6)"
2017-12-26 10:20:00-05:00,2017-12-26 10:20:00-05:00,NQ,short,6433.12,6441.77,"('abrir', 'MNQ', 11, 190, 6415.8)"
2017-12-27 06:05:00-05:00,2017-12-27 06:05:00-05:00,NQ,long,6444.76,6441.07,"('abrir', 'MNQ', 20, 148, 6452.2)"
2017-12-27 09:40:00-05:00,2017-12-27 09:40:00-05:00,NQ,short,6440.67,6443.07,"('abrir', 'MNQ', 20, 96, 6435.9)"
2017-12-28 10:00:00-05:00,2017-12-28 10:00:00-05:00,NQ,short,6434.32,6438.37,"('abrir', 'MNQ', 20, 162, 6426.2)"
2017-12-28 11:25:00-05:00,2017-12-28 11:25:00-05:00,NQ,long,6438.92,6434.77,"('abrir', 'MNQ', 20, 166, 6447.2)"
2017-12-28 11:30:00-05:00,2017-12-28 11:30:00-05:00,NQ,long,6435.12,6430.77,"('skip', 'ya hay posición en MNQ')"
2018-01-04 10:40:00-05:00,2018-01-04 10:40:00-05:00,NQ,short,6603.22,6606.37,"('abrir', 'MNQ', 20, 126, 6596.9)"
2018-01-05 09:50:00-05:00,2018-01-05 09:50:00-05:00,NQ,short,6614.17,6623.07,"('abrir', 'MNQ', 11, 196, 6596.4)"
2018-01-08 05:40:00-05:00,2018-01-08 05:40:00-05:00,NQ,long,6659.78,6655.27,"('abrir', 'MNQ', 20, 181, 6668.8)"
2018-01-09 10:15:00-05:00,2018-01-09 10:15:00-05:00,NQ,short,6677.41,6679.41,"('abrir', 'MNQ', 20, 80, 6673.4)"
2018-01-10 04:10:00-05:00,2018-01-10 04:10:00-05:00,NQ,short,6665.28,6670.49,"('abrir', 'MNQ', 18, 188, 6654.9)"
2018-01-10 09:40:00-05:00,2018-01-10 09:40:00-05:00,NQ,long,6648.08,6637.27,"('abrir', 'MNQ', 9, 195, 6669.7)"
2018-01-11 04:55:00-05:00,2018-01-11 04:55:00-05:00,NQ,short,6672.42,6674.42,"('abrir', 'MNQ', 20, 80, 6668.4)"
2018-01-11 10:10:00-05:00,2018-01-11 10:10:00-05:00,NQ,long,6676.67,6666.38,"('abrir', 'MNQ', 9, 185, 6697.3)"
2018-01-15 05:10:00-05:00,2018-01-15 05:10:00-05:00,NQ,long,6773.68,6770.97,"('abrir', 'MNQ', 20, 109, 6779.1)"
2018-01-15 12:45:00-05:00,2018-01-15 12:45:00-05:00,NQ,short,6768.93,6773.55,"('abrir', 'MNQ', 20, 185, 6759.7)"
2018-01-16 12:10:00-05:00,2018-01-16 12:10:00-05:00,NQ,short,6793.0,6803.59,"('abrir', 'MNQ', 9, 191, 6771.8)"
2018-01-17 10:15:00-05:00,2018-01-17 10:15:00-05:00,NQ,short,6768.22,6773.47,"('abrir', 'MNQ', 18, 189, 6757.7)"
2018-01-17 11:25:00-05:00,2018-01-17 11:25:00-05:00,NQ,long,6775.27,6769.57,"('abrir', 'MNQ', 17, 194, 6786.7)"
2018-01-18 02:40:00-05:00,2018-01-18 02:40:00-05:00,NQ,short,6807.97,6810.87,"('abrir', 'MNQ', 20, 116, 6802.2)"
2018-01-18 03:00:00-05:00,2018-01-18 03:00:00-05:00,NQ,short,6810.57,6812.57,"('skip', 'ya hay posición en MNQ')"
2018-01-18 04:15:00-05:00,2018-01-18 04:15:00-05:00,NQ,long,6801.92,6799.37,"('abrir', 'MNQ', 20, 102, 6807.0)"
2018-01-18 04:20:00-05:00,2018-01-18 04:20:00-05:00,NQ,long,6800.12,6796.07,"('skip', 'ya hay posición en MNQ')"
2018-01-18 10:00:00-05:00,2018-01-18 10:00:00-05:00,NQ,long,6797.02,6795.02,"('abrir', 'MNQ', 20, 80, 6801.0)"
2018-01-18 10:30:00-05:00,2018-01-18 10:30:00-05:00,NQ,short,6799.62,6815.87,"('abrir', 'MNQ', 6, 195, 6767.1)"
2018-01-18 13:00:00-05:00,2018-01-18 13:00:00-05:00,NQ,long,6810.41,6791.97,FRENO_DIARIO
2018-01-19 10:10:00-05:00,2018-01-19 10:10:00-05:00,NQ,short,6816.47,6823.17,"('abrir', 'MNQ', 14, 188, 6803.1)"
2018-01-19 11:10:00-05:00,2018-01-19 11:10:00-05:00,NQ,short,6809.47,6813.57,"('abrir', 'MNQ', 20, 164, 6801.3)"
2018-01-19 11:20:00-05:00,2018-01-19 11:20:00-05:00,NQ,short,6815.07,6823.17,"('abrir', 'MNQ', 12, 194, 6798.9)"
2018-01-22 04:00:00-05:00,2018-01-22 04:00:00-05:00,NQ,long,6829.07,6824.47,"('abrir', 'MNQ', 20, 184, 6838.3)"
2018-01-23 09:55:00-05:00,2018-01-23 09:55:00-05:00,NQ,long,6936.47,6931.57,"('abrir', 'MNQ', 20, 196, 6946.3)"
2018-01-23 10:20:00-05:00,2018-01-23 10:20:00-05:00,NQ,long,6945.67,6934.07,"('abrir', 'MNQ', 8, 186, 6968.9)"
2018-01-24 02:55:00-05:00,2018-01-24 02:50:00-05:00,NQ,short,6960.46,6962.87,"('abrir', 'MNQ', 20, 96, 6955.6)"
2018-01-24 10:55:00-05:00,2018-01-24 10:55:00-05:00,NQ,long,6973.57,6969.67,"('abrir', 'MNQ', 20, 156, 6981.4)"
2018-01-26 10:10:00-05:00,2018-01-26 10:10:00-05:00,NQ,long,6951.02,6943.47,"('abrir', 'MNQ', 13, 196, 6966.1)"
2018-01-26 12:20:00-05:00,2018-01-26 12:20:00-05:00,NQ,short,6967.02,6969.81,"('abrir', 'MNQ', 20, 111, 6961.5)"
2018-01-29 04:00:00-05:00,2018-01-29 04:00:00-05:00,NQ,short,7002.62,7005.0,"('abrir', 'MNQ', 20, 95, 6997.9)"
2018-01-29 09:50:00-05:00,2018-01-29 09:50:00-05:00,NQ,long,6997.36,6980.36,"('abrir', 'MNQ', 5, 170, 7031.4)"
2018-01-29 10:25:00-05:00,2018-01-29 10:25:00-05:00,NQ,short,6999.22,7004.48,"('skip', 'ya hay posición en MNQ')"
2018-01-29 11:25:00-05:00,2018-01-29 11:20:00-05:00,NQ,short,6990.11,6992.11,"('abrir', 'MNQ', 20, 80, 6986.1)"
2018-01-29 13:50:00-05:00,2018-01-29 13:50:00-05:00,NQ,long,6997.3,6989.73,FRENO_DIARIO
2018-01-30 11:30:00-05:00,2018-01-30 11:30:00-05:00,NQ,long,6930.79,6916.29,"('abrir', 'MNQ', 6, 174, 6959.8)"
2018-01-30 12:20:00-05:00,2018-01-30 12:20:00-05:00,NQ,short,6930.91,6942.79,"('skip', 'ya hay posición en MNQ')"
2018-01-31 04:50:00-05:00,2018-01-31 04:50:00-05:00,NQ,short,6945.72,6948.07,"('abrir', 'MNQ', 20, 94, 6941.0)"
2018-01-31 05:00:00-05:00,2018-01-31 05:00:00-05:00,NQ,short,6949.72,6958.57,"('abrir', 'MNQ', 11, 195, 6932.0)"
2018-01-31 11:05:00-05:00,2018-01-31 11:05:00-05:00,NQ,short,6958.27,6961.97,"('abrir', 'MNQ', 20, 148, 6950.9)"
2018-02-01 03:25:00-05:00,2018-02-01 03:25:00-05:00,NQ,short,6966.52,6969.67,"('abrir', 'MNQ', 20, 126, 6960.2)"
2018-02-01 04:35:00-05:00,2018-02-01 04:35:00-05:00,NQ,short,6957.47,6963.07,"('abrir', 'MNQ', 17, 190, 6946.3)"
2018-02-01 09:45:00-05:00,2018-02-01 09:45:00-05:00,NQ,long,6911.97,6899.57,"('abrir', 'MNQ', 8, 198, 6936.8)"
2018-02-02 10:35:00-05:00,2018-02-02 10:35:00-05:00,NQ,short,6848.34,6877.67,"('abrir', 'MNQ', 3, 176, 6789.7)"
2018-02-02 13:15:00-05:00,2018-02-02 13:15:00-05:00,NQ,long,6824.62,6822.62,"('skip', 'ya hay posición en MNQ')"
2018-02-05 05:00:00-05:00,2018-02-05 05:00:00-05:00,NQ,long,6747.97,6739.17,"('abrir', 'MNQ', 11, 194, 6765.6)"
2018-02-05 10:30:00-05:00,2018-02-05 10:30:00-05:00,NQ,long,6789.72,6779.17,"('abrir', 'MNQ', 9, 190, 6810.8)"
2018-02-05 11:15:00-05:00,2018-02-05 11:15:00-05:00,NQ,long,6765.67,6757.47,"('abrir', 'MNQ', 12, 197, 6782.1)"
2018-02-06 03:45:00-05:00,2018-02-06 03:45:00-05:00,NQ,long,6489.01,6478.06,"('abrir', 'MNQ', 9, 197, 6510.9)"
2018-02-06 10:15:00-05:00,2018-02-06 10:15:00-05:00,NQ,long,6478.42,6468.27,"('abrir', 'MNQ', 10, 203, 6498.7)"
2018-02-06 10:35:00-05:00,2018-02-06 10:35:00-05:00,NQ,long,6441.86,6369.97,"('abrir', 'MNQ', 1, 144, 6585.7)"
2018-02-07 02:40:00-05:00,2018-02-07 02:40:00-05:00,NQ,short,6601.16,6609.07,"('abrir', 'MNQ', 13, 206, 6585.3)"
2018-02-07 05:20:00-05:00,2018-02-07 05:20:00-05:00,NQ,long,6602.36,6579.46,"('abrir', 'MNQ', 4, 183, 6648.2)"
2018-02-08 02:55:00-05:00,2018-02-08 02:55:00-05:00,NQ,long,6568.66,6563.47,"('abrir', 'MNQ', 20, 208, 6579.1)"
2018-02-08 03:30:00-05:00,2018-02-08 03:30:00-05:00,NQ,long,6578.61,6576.61,"('abrir', 'MNQ', 20, 80, 6582.6)"
2018-02-08 09:50:00-05:00,2018-02-08 09:50:00-05:00,NQ,short,6571.71,6594.46,"('abrir', 'MNQ', 4, 182, 6526.2)"
2018-02-09 10:15:00-05:00,2018-02-09 10:15:00-05:00,NQ,short,6380.11,6405.16,"('abrir', 'MNQ', 4, 200, 6330.0)"
2018-02-09 11:00:00-05:00,2018-02-09 11:00:00-05:00,NQ,short,6365.71,6390.77,"('abrir', 'MNQ', 4, 200, 6315.6)"
2018-02-12 09:50:00-05:00,2018-02-12 09:50:00-05:00,NQ,long,6477.32,6469.77,"('abrir', 'MNQ', 14, 211, 6492.4)"
2018-02-12 10:30:00-05:00,2018-02-12 10:30:00-05:00,NQ,short,6460.57,6470.86,"('abrir', 'MNQ', 10, 206, 6440.0)"
2018-02-12 10:35:00-05:00,2018-02-12 10:35:00-05:00,NQ,short,6473.56,6486.66,"('skip', 'ya hay posición en MNQ')"
2018-02-13 03:35:00-05:00,2018-02-13 03:35:00-05:00,NQ,short,6497.06,6507.86,"('abrir', 'MNQ', 10, 216, 6475.5)"
2018-02-13 05:10:00-05:00,2018-02-13 05:10:00-05:00,NQ,short,6499.46,6504.96,"('skip', 'ya hay posición en MNQ')"
2018-02-13 13:10:00-05:00,2018-02-13 13:10:00-05:00,NQ,short,6518.61,6520.61,"('abrir', 'MNQ', 20, 80, 6514.6)"
2018-02-14 10:30:00-05:00,2018-02-14 10:30:00-05:00,NQ,long,6588.52,6572.57,"('abrir', 'MNQ', 6, 191, 6620.4)"
2018-02-15 10:05:00-05:00,2018-02-15 10:05:00-05:00,NQ,long,6729.67,6713.76,"('abrir', 'MNQ', 6, 191, 6761.5)"
2018-02-15 11:05:00-05:00,2018-02-15 11:05:00-05:00,NQ,short,6688.97,6706.77,"('abrir', 'MNQ', 6, 214, 6653.4)"
2018-02-15 11:10:00-05:00,2018-02-15 11:10:00-05:00,NQ,short,6712.66,6726.77,"('abrir', 'MNQ', 7, 197, 6684.5)"
2018-02-15 11:25:00-05:00,2018-02-15 11:25:00-05:00,NQ,short,6727.81,6736.37,FRENO_DIARIO
2018-02-16 10:05:00-05:00,2018-02-16 10:05:00-05:00,NQ,long,6786.62,6784.62,"('abrir', 'MNQ', 20, 80, 6790.6)"
2018-02-16 10:40:00-05:00,2018-02-16 10:40:00-05:00,NQ,long,6817.01,6791.87,"('abrir', 'MNQ', 4, 201, 6867.3)"
2018-02-19 05:10:00-05:00,2018-02-19 05:10:00-05:00,NQ,long,6798.96,6796.36,"('abrir', 'MNQ', 20, 104, 6804.2)"
2018-02-19 11:20:00-05:00,2018-02-19 11:20:00-05:00,NQ,short,6767.72,6776.67,"('abrir', 'MNQ', 11, 197, 6749.8)"
2018-02-20 10:30:00-05:00,2018-02-20 10:30:00-05:00,NQ,long,6783.12,6781.12,"('abrir', 'MNQ', 20, 80, 6787.1)"
2018-02-21 03:25:00-05:00,2018-02-21 03:25:00-05:00,NQ,short,6784.76,6786.76,"('abrir', 'MNQ', 20, 80, 6780.8)"
2018-02-21 09:40:00-05:00,2018-02-21 09:40:00-05:00,NQ,long,6814.16,6800.06,"('abrir', 'MNQ', 7, 197, 6842.4)"
2018-02-21 12:55:00-05:00,2018-02-21 12:55:00-05:00,NQ,short,6836.06,6849.27,"('abrir', 'MNQ', 8, 211, 6809.6)"
2018-02-22 03:55:00-05:00,2018-02-22 03:55:00-05:00,NQ,long,6722.36,6715.76,"('abrir', 'MNQ', 16, 211, 6735.6)"
2018-02-22 05:05:00-05:00,2018-02-22 05:05:00-05:00,NQ,long,6726.12,6710.97,"('abrir', 'MNQ', 6, 182, 6756.4)"
2018-02-22 09:50:00-05:00,2018-02-22 09:50:00-05:00,NQ,long,6793.92,6786.46,"('abrir', 'MNQ', 14, 209, 6808.8)"
2018-02-22 12:05:00-05:00,2018-02-22 12:05:00-05:00,NQ,long,6813.76,6799.56,"('abrir', 'MNQ', 7, 199, 6842.2)"
2018-02-23 04:40:00-05:00,2018-02-23 04:40:00-05:00,NQ,long,6803.16,6798.86,"('abrir', 'MNQ', 20, 172, 6811.8)"
2018-02-26 04:40:00-05:00,2018-02-26 04:40:00-05:00,NQ,short,6916.41,6920.47,"('abrir', 'MNQ', 20, 162, 6908.3)"
2018-02-26 10:25:00-05:00,2018-02-26 10:25:00-05:00,NQ,long,6937.36,6924.47,"('abrir', 'MNQ', 8, 206, 6963.2)"
2018-02-27 04:55:00-05:00,2018-02-27 04:55:00-05:00,NQ,long,6976.86,6970.66,"('abrir', 'MNQ', 17, 211, 6989.3)"
2018-02-27 10:05:00-05:00,2018-02-27 10:05:00-05:00,NQ,short,6976.52,6986.76,"('abrir', 'MNQ', 10, 205, 6956.0)"
2018-02-27 10:35:00-05:00,2018-02-27 10:35:00-05:00,NQ,long,6980.86,6977.26,"('abrir', 'MNQ', 20, 144, 6988.1)"
2018-02-27 11:10:00-05:00,2018-02-27 11:10:00-05:00,NQ,short,6958.46,6969.17,FRENO_DIARIO
2018-02-28 09:50:00-05:00,2018-02-28 09:50:00-05:00,NQ,short,6937.17,6946.66,"('abrir', 'MNQ', 11, 209, 6918.2)"
2018-02-28 11:05:00-05:00,2018-02-28 11:05:00-05:00,NQ,short,6922.11,6925.66,"('abrir', 'MNQ', 20, 142, 6915.0)"
2018-02-28 11:55:00-05:00,2018-02-28 11:55:00-05:00,NQ,short,6908.57,6927.86,"('abrir', 'MNQ', 5, 193, 6870.0)"
2018-03-01 03:45:00-05:00,2018-03-01 03:45:00-05:00,NQ,long,6888.01,6885.66,"('abrir', 'MNQ', 20, 94, 6892.7)"
2018-03-01 10:00:00-05:00,2018-03-01 10:00:00-05:00,NQ,short,6838.16,6852.07,"('abrir', 'MNQ', 7, 195, 6810.4)"
2018-03-01 10:40:00-05:00,2018-03-01 10:40:00-05:00,NQ,long,6867.56,6853.96,"('abrir', 'MNQ', 7, 190, 6894.8)"
2018-03-01 10:55:00-05:00,2018-03-01 10:55:00-05:00,NQ,long,6847.57,6845.57,FRENO_DIARIO
2018-03-01 12:00:00-05:00,2018-03-01 12:00:00-05:00,NQ,long,6852.62,6839.17,FRENO_DIARIO
2018-03-02 03:40:00-05:00,2018-03-02 03:40:00-05:00,NQ,long,6761.56,6749.17,"('abrir', 'MNQ', 8, 198, 6786.4)"
2018-03-02 11:05:00-05:00,2018-03-02 11:05:00-05:00,NQ,long,6694.87,6675.36,"('abrir', 'MNQ', 5, 195, 6733.9)"
2018-03-05 03:10:00-05:00,2018-03-05 03:10:00-05:00,NQ,short,6756.61,6758.97,"('abrir', 'MNQ', 20, 94, 6751.9)"
2018-03-05 10:20:00-05:00,2018-03-05 10:20:00-05:00,NQ,short,6762.81,6770.57,"('abrir', 'MNQ', 13, 202, 6747.3)"
2018-03-06 03:50:00-05:00,2018-03-06 03:50:00-05:00,NQ,short,6896.82,6898.96,"('abrir', 'MNQ', 20, 86, 6892.5)"
2018-03-06 04:00:00-05:00,2018-03-06 04:00:00-05:00,NQ,short,6898.46,6900.67,"('abrir', 'MNQ', 20, 88, 6894.1)"
2018-03-06 04:40:00-05:00,2018-03-06 04:40:00-05:00,NQ,long,6899.81,6891.96,"('abrir', 'MNQ', 13, 204, 6915.5)"
2018-03-06 10:00:00-05:00,2018-03-06 10:00:00-05:00,NQ,long,6916.17,6894.47,"('abrir', 'MNQ', 4, 174, 6959.6)"
2018-03-06 10:05:00-05:00,2018-03-06 10:05:00-05:00,NQ,long,6910.87,6907.76,"('skip', 'tope diario alcanzado')"
2018-03-06 11:05:00-05:00,2018-03-06 11:05:00-05:00,NQ,short,6898.51,6907.07,"('skip', 'tope diario alcanzado')"
2018-03-07 04:25:00-05:00,2018-03-07 04:25:00-05:00,NQ,short,6846.11,6854.97,"('abrir', 'MNQ', 11, 195, 6828.4)"
2018-03-07 09:45:00-05:00,2018-03-07 09:45:00-05:00,NQ,long,6881.16,6874.27,"('abrir', 'MNQ', 15, 207, 6895.0)"
2018-03-07 10:10:00-05:00,2018-03-07 10:10:00-05:00,NQ,long,6867.47,6852.06,"('abrir', 'MNQ', 6, 185, 6898.3)"
2018-03-07 10:30:00-05:00,2018-03-07 10:30:00-05:00,NQ,long,6886.76,6877.17,"('abrir', 'MNQ', 10, 192, 6906.0)"
2018-03-07 12:55:00-05:00,2018-03-07 12:55:00-05:00,NQ,short,6885.06,6911.27,"('skip', 'tope diario alcanzado')"
2018-03-08 03:45:00-05:00,2018-03-08 03:40:00-05:00,NQ,short,6938.22,6940.22,"('abrir', 'MNQ', 20, 80, 6934.2)"
2018-03-08 04:40:00-05:00,2018-03-08 04:40:00-05:00,NQ,long,6935.01,6933.01,"('abrir', 'MNQ', 20, 80, 6939.0)"
2018-03-08 11:30:00-05:00,2018-03-08 11:30:00-05:00,NQ,long,6958.02,6948.26,"('abrir', 'MNQ', 10, 195, 6977.5)"
2018-03-08 12:25:00-05:00,2018-03-08 12:25:00-05:00,NQ,short,6956.46,6963.97,"('abrir', 'MNQ', 14, 210, 6941.5)"
2018-03-09 04:05:00-05:00,2018-03-09 04:05:00-05:00,NQ,long,6968.92,6962.76,"('abrir', 'MNQ', 17, 209, 6981.2)"
2018-03-12 11:00:00-04:00,2018-03-12 11:00:00-04:00,NQ,short,7129.11,7141.56,"('abrir', 'MNQ', 8, 199, 7104.2)"
2018-03-12 11:45:00-04:00,2018-03-12 11:45:00-04:00,NQ,short,7136.56,7145.57,"('skip', 'ya hay posición en MNQ')"
2018-03-13 05:35:00-04:00,2018-03-13 05:35:00-04:00,NQ,long,7138.91,7135.56,"('abrir', 'MNQ', 20, 134, 7145.6)"
2018-03-14 04:40:00-04:00,2018-03-14 04:40:00-04:00,NQ,long,7081.56,7078.77,"('abrir', 'MNQ', 20, 112, 7087.2)"
2018-03-14 10:10:00-04:00,2018-03-14 10:10:00-04:00,NQ,long,7066.57,7058.66,"('abrir', 'MNQ', 13, 206, 7082.4)"
2018-03-14 11:30:00-04:00,2018-03-14 11:30:00-04:00,NQ,short,7048.51,7075.27,"('abrir', 'MNQ', 3, 161, 6995.0)"
2018-03-15 10:00:00-04:00,2018-03-15 10:00:00-04:00,NQ,short,7036.22,7046.37,"('abrir', 'MNQ', 10, 203, 7015.9)"
2018-03-15 10:25:00-04:00,2018-03-15 10:25:00-04:00,NQ,short,7047.11,7054.86,"('abrir', 'MNQ', 13, 201, 7031.6)"
2018-03-16 03:20:00-04:00,2018-03-16 03:20:00-04:00,NQ,short,7034.37,7037.17,"('abrir', 'MNQ', 20, 112, 7028.8)"
2018-03-16 04:30:00-04:00,2018-03-16 04:30:00-04:00,NQ,short,7032.06,7040.67,"('abrir', 'MNQ', 12, 207, 7014.9)"
2018-03-16 11:20:00-04:00,2018-03-16 11:20:00-04:00,NQ,short,7039.77,7045.17,"('abrir', 'MNQ', 19, 205, 7029.0)"
2018-03-19 09:50:00-04:00,2018-03-19 09:50:00-04:00,NQ,short,6939.57,6949.47,"('abrir', 'MNQ', 10, 198, 6919.8)"
2018-03-20 11:55:00-04:00,2018-03-20 11:55:00-04:00,NQ,short,6860.51,6871.36,"('abrir', 'MNQ', 9, 195, 6838.8)"
2018-03-20 12:45:00-04:00,2018-03-20 12:45:00-04:00,NQ,long,6876.76,6868.96,"('abrir', 'MNQ', 13, 203, 6892.4)"
2018-03-22 10:00:00-04:00,2018-03-22 10:00:00-04:00,NQ,long,6768.52,6766.52,"('abrir', 'MNQ', 20, 80, 6772.5)"
2018-03-23 05:00:00-04:00,2018-03-23 05:00:00-04:00,NQ,short,6626.86,6659.16,"('abrir', 'MNQ', 3, 194, 6562.3)"
2018-03-23 09:50:00-04:00,2018-03-23 09:50:00-04:00,NQ,short,6664.46,6673.26,"('abrir', 'MNQ', 11, 194, 6646.9)"
2018-03-23 09:55:00-04:00,2018-03-23 09:55:00-04:00,NQ,short,6673.41,6698.17,"('abrir', 'MNQ', 4, 198, 6623.9)"
2018-03-23 11:00:00-04:00,2018-03-23 11:00:00-04:00,NQ,long,6682.71,6672.56,FRENO_DIARIO
2018-03-23 11:10:00-04:00,2018-03-23 11:10:00-04:00,NQ,long,6672.61,6650.86,FRENO_DIARIO
2018-03-26 02:35:00-04:00,2018-03-26 02:35:00-04:00,NQ,long,6606.56,6601.96,"('abrir', 'MNQ', 20, 184, 6615.8)"
2018-03-26 09:50:00-04:00,2018-03-26 09:50:00-04:00,NQ,long,6642.81,6639.86,"('abrir', 'MNQ', 20, 118, 6648.7)"
2018-03-26 10:20:00-04:00,2018-03-26 10:20:00-04:00,NQ,short,6642.26,6650.37,"('abrir', 'MNQ', 13, 211, 6626.0)"
2018-03-27 09:40:00-04:00,2018-03-27 09:40:00-04:00,NQ,short,6788.86,6801.07,"('abrir', 'MNQ', 8, 195, 6764.5)"
2018-03-27 10:20:00-04:00,2018-03-27 10:20:00-04:00,NQ,short,6761.11,6774.37,"('abrir', 'MNQ', 8, 212, 6734.6)"
2018-03-27 11:55:00-04:00,2018-03-27 11:55:00-04:00,NQ,long,6765.06,6731.86,"('abrir', 'MNQ', 3, 199, 6831.5)"
2018-03-27 12:05:00-04:00,2018-03-27 12:05:00-04:00,NQ,long,6760.02,6750.96,"('skip', 'ya hay posición en MNQ')"
2018-03-28 10:20:00-04:00,2018-03-28 10:20:00-04:00,NQ,long,6470.92,6437.27,"('abrir', 'MNQ', 3, 202, 6538.2)"
2018-03-28 11:50:00-04:00,2018-03-28 11:50:00-04:00,NQ,long,6476.01,6457.27,"('abrir', 'MNQ', 5, 187, 6513.5)"
2018-03-29 03:35:00-04:00,2018-03-29 03:35:00-04:00,NQ,short,6500.97,6502.97,"('abrir', 'MNQ', 20, 80, 6497.0)"
2018-03-29 04:35:00-04:00,2018-03-29 04:35:00-04:00,NQ,short,6494.11,6498.86,"('abrir', 'MNQ', 20, 190, 6484.6)"
2018-04-02 04:35:00-04:00,2018-04-02 04:35:00-04:00,NQ,long,6539.11,6534.27,"('abrir', 'MNQ', 20, 194, 6548.8)"
2018-04-02 09:40:00-04:00,2018-04-02 09:40:00-04:00,NQ,long,6533.72,6516.07,"('abrir', 'MNQ', 6, 212, 6569.0)"
2018-04-03 10:55:00-04:00,2018-04-03 10:55:00-04:00,NQ,short,6431.57,6441.76,"('abrir', 'MNQ', 10, 204, 6411.2)"
2018-04-03 11:15:00-04:00,2018-04-03 11:15:00-04:00,NQ,long,6440.42,6438.42,"('abrir', 'MNQ', 20, 80, 6444.4)"
2018-04-05 04:15:00-04:00,2018-04-05 04:15:00-04:00,NQ,short,6624.32,6626.32,"('abrir', 'MNQ', 20, 80, 6620.3)"
2018-04-05 11:15:00-04:00,2018-04-05 11:15:00-04:00,NQ,long,6611.57,6605.37,"('abrir', 'MNQ', 17, 211, 6624.0)"
2018-04-05 13:00:00-04:00,2018-04-05 13:00:00-04:00,NQ,short,6614.51,6630.97,"('abrir', 'MNQ', 6, 198, 6581.6)"
2018-04-06 09:45:00-04:00,2018-04-06 09:45:00-04:00,NQ,long,6551.01,6544.67,"('abrir', 'MNQ', 17, 216, 6563.7)"
2018-04-06 10:35:00-04:00,2018-04-06 10:35:00-04:00,NQ,long,6535.66,6510.76,"('abrir', 'MNQ', 4, 199, 6585.5)"
2018-04-09 03:45:00-04:00,2018-04-09 03:45:00-04:00,NQ,long,6496.01,6488.27,"('abrir', 'MNQ', 14, 217, 6511.5)"
2018-04-10 10:20:00-04:00,2018-04-10 10:20:00-04:00,NQ,short,6570.86,6589.46,"('abrir', 'MNQ', 5, 186, 6533.7)"
2018-04-10 11:55:00-04:00,2018-04-10 11:55:00-04:00,NQ,short,6587.06,6599.27,"('abrir', 'MNQ', 9, 220, 6562.7)"
2018-04-12 03:10:00-04:00,2018-04-12 03:10:00-04:00,NQ,long,6590.51,6588.51,"('abrir', 'MNQ', 20, 80, 6594.5)"
2018-04-12 04:10:00-04:00,2018-04-12 04:10:00-04:00,NQ,long,6596.36,6592.77,"('abrir', 'MNQ', 20, 144, 6603.6)"
2018-04-12 05:10:00-04:00,2018-04-12 05:10:00-04:00,NQ,short,6586.71,6591.07,"('abrir', 'MNQ', 20, 174, 6578.0)"
2018-04-12 05:30:00-04:00,2018-04-12 05:30:00-04:00,NQ,short,6592.61,6597.76,FRENO_DIARIO
2018-04-13 03:50:00-04:00,2018-04-13 03:50:00-04:00,NQ,short,6645.02,6649.96,"('abrir', 'MNQ', 20, 198, 6635.1)"
2018-04-13 10:15:00-04:00,2018-04-13 10:15:00-04:00,NQ,short,6655.36,6667.57,"('abrir', 'MNQ', 9, 220, 6631.0)"
2018-04-16 03:50:00-04:00,2018-04-16 03:50:00-04:00,NQ,short,6652.61,6659.96,"('abrir', 'MNQ', 15, 220, 6637.9)"
2018-04-16 10:05:00-04:00,2018-04-16 10:05:00-04:00,NQ,short,6660.91,6671.37,"('abrir', 'MNQ', 10, 209, 6640.0)"
2018-04-16 10:35:00-04:00,2018-04-16 10:35:00-04:00,NQ,long,6664.37,6656.76,"('abrir', 'MNQ', 14, 213, 6679.6)"
2018-04-17 03:55:00-04:00,2018-04-17 03:55:00-04:00,NQ,short,6729.51,6731.51,"('abrir', 'MNQ', 20, 80, 6725.5)"
2018-04-18 11:50:00-04:00,2018-04-18 11:50:00-04:00,NQ,short,6833.71,6844.37,"('abrir', 'MNQ', 10, 213, 6812.4)"
2018-04-19 03:00:00-04:00,2018-04-19 03:00:00-04:00,NQ,short,6841.72,6846.37,"('abrir', 'MNQ', 20, 186, 6832.4)"
2018-04-19 10:25:00-04:00,2018-04-19 10:25:00-04:00,NQ,long,6798.56,6783.57,"('abrir', 'MNQ', 7, 210, 6828.5)"
2018-04-19 10:30:00-04:00,2018-04-19 10:30:00-04:00,NQ,long,6788.56,6777.56,"('skip', 'ya hay posición en MNQ')"
2018-04-20 05:10:00-04:00,2018-04-20 05:10:00-04:00,NQ,long,6745.52,6741.86,"('abrir', 'MNQ', 20, 146, 6752.8)"
2017-01-17 11:10:00-05:00,2017-01-17 11:10:00-05:00,NQ,long,5046.32,5031.98,"('abrir', 'MNQ', 8, 229, 5075.0)"
2017-01-18 03:00:00-05:00,2017-01-18 03:00:00-05:00,NQ,short,5052.49,5054.49,"('abrir', 'MNQ', 20, 80, 5048.5)"
2017-01-18 09:40:00-05:00,2017-01-18 09:40:00-05:00,NQ,short,5052.12,5054.12,"('abrir', 'MNQ', 20, 80, 5048.1)"
2017-01-18 10:05:00-05:00,2017-01-18 10:05:00-05:00,NQ,long,5052.26,5045.96,"('abrir', 'MNQ', 19, 239, 5064.8)"
2017-01-18 10:55:00-05:00,2017-01-18 10:55:00-05:00,NQ,short,5047.99,5052.65,"('abrir', 'MNQ', 20, 186, 5038.7)"
2017-01-19 03:20:00-05:00,2017-01-19 03:20:00-05:00,NQ,short,5055.07,5057.88,"('abrir', 'MNQ', 20, 112, 5049.5)"
2017-01-19 03:25:00-05:00,2017-01-19 03:25:00-05:00,NQ,short,5056.05,5058.27,"('skip', 'ya hay posición en MNQ')"
2017-01-19 11:10:00-05:00,2017-01-19 11:10:00-05:00,NQ,short,5053.95,5058.53,"('abrir', 'MNQ', 20, 183, 5044.8)"
2017-01-20 04:45:00-05:00,2017-01-20 04:45:00-05:00,NQ,short,5066.95,5068.95,"('abrir', 'MNQ', 20, 80, 5062.9)"
2017-01-20 11:00:00-05:00,2017-01-20 11:00:00-05:00,NQ,short,5067.86,5072.82,"('abrir', 'MNQ', 20, 198, 5058.0)"
2017-01-20 12:05:00-05:00,2017-01-20 12:05:00-05:00,NQ,long,5067.2,5064.78,"('skip', 'ya hay posición en MNQ')"
2017-01-23 03:35:00-05:00,2017-01-23 03:35:00-05:00,NQ,short,5045.18,5047.43,"('abrir', 'MNQ', 20, 90, 5040.7)"
2017-01-23 09:50:00-05:00,2017-01-23 09:50:00-05:00,NQ,long,5060.78,5052.07,"('abrir', 'MNQ', 14, 244, 5078.2)"
2017-01-23 12:15:00-05:00,2017-01-23 12:15:00-05:00,NQ,short,5046.47,5050.67,"('abrir', 'MNQ', 20, 168, 5038.1)"
2017-01-24 10:10:00-05:00,2017-01-24 10:10:00-05:00,NQ,short,5070.35,5072.91,"('abrir', 'MNQ', 20, 102, 5065.2)"
2017-01-24 10:25:00-05:00,2017-01-24 10:25:00-05:00,NQ,short,5077.28,5081.0,"('abrir', 'MNQ', 20, 149, 5069.8)"
2017-01-26 09:40:00-05:00,2017-01-26 09:40:00-05:00,NQ,long,5160.39,5157.33,"('abrir', 'MNQ', 20, 122, 5166.5)"
2017-01-26 10:35:00-05:00,2017-01-26 10:35:00-05:00,NQ,short,5156.5,5161.51,"('abrir', 'MNQ', 20, 200, 5146.5)"
2017-01-26 11:55:00-05:00,2017-01-26 11:50:00-05:00,NQ,long,5156.83,5151.52,"('skip', 'ya hay posición en MNQ')"
2017-01-27 11:30:00-05:00,2017-01-27 11:30:00-05:00,NQ,long,5161.81,5159.81,"('abrir', 'MNQ', 20, 80, 5165.8)"
2017-01-27 12:40:00-05:00,2017-01-27 12:40:00-05:00,NQ,long,5162.6,5158.83,"('abrir', 'MNQ', 20, 151, 5170.1)"
2017-02-01 10:30:00-05:00,2017-02-01 10:30:00-05:00,NQ,short,5144.52,5149.11,"('abrir', 'MNQ', 20, 183, 5135.4)"
2017-02-02 09:40:00-05:00,2017-02-02 09:40:00-05:00,NQ,short,5139.78,5143.97,"('abrir', 'MNQ', 20, 167, 5131.4)"
2017-02-02 12:25:00-05:00,2017-02-02 12:25:00-05:00,NQ,short,5141.4,5145.04,"('abrir', 'MNQ', 20, 146, 5134.1)"
2017-02-03 11:55:00-05:00,2017-02-03 11:55:00-05:00,NQ,short,5151.47,5153.47,"('abrir', 'MNQ', 20, 80, 5147.5)"
2017-02-03 12:20:00-05:00,2017-02-03 12:20:00-05:00,NQ,short,5155.31,5159.82,"('abrir', 'MNQ', 20, 180, 5146.3)"
2017-02-06 04:00:00-05:00,2017-02-06 04:00:00-05:00,NQ,short,5158.84,5160.84,"('abrir', 'MNQ', 20, 80, 5154.8)"
2017-02-06 10:10:00-05:00,2017-02-06 10:10:00-05:00,NQ,long,5152.33,5146.11,"('abrir', 'MNQ', 19, 236, 5164.8)"
2017-02-07 04:05:00-05:00,2017-02-07 04:05:00-05:00,NQ,long,5165.44,5160.11,"('abrir', 'MNQ', 20, 213, 5176.1)"
2017-02-08 03:15:00-05:00,2017-02-08 03:15:00-05:00,NQ,long,5188.89,5186.89,"('abrir', 'MNQ', 20, 80, 5192.9)"
2017-02-08 04:15:00-05:00,2017-02-08 04:15:00-05:00,NQ,short,5186.92,5188.92,"('abrir', 'MNQ', 20, 80, 5182.9)"
2017-02-08 05:25:00-05:00,2017-02-08 05:25:00-05:00,NQ,long,5188.09,5185.49,"('abrir', 'MNQ', 20, 104, 5193.3)"
2017-02-08 09:55:00-05:00,2017-02-08 09:55:00-05:00,NQ,short,5173.62,5176.43,FRENO_DIARIO
2017-02-09 05:55:00-05:00,2017-02-09 05:55:00-05:00,NQ,short,5195.13,5197.13,"('abrir', 'MNQ', 20, 80, 5191.1)"
2017-02-10 04:50:00-05:00,2017-02-10 04:50:00-05:00,NQ,short,5221.91,5226.59,"('abrir', 'MNQ', 20, 187, 5212.6)"
2017-02-10 10:55:00-05:00,2017-02-10 10:55:00-05:00,NQ,long,5222.36,5218.87,"('skip', 'ya hay posición en MNQ')"
2017-02-13 11:15:00-05:00,2017-02-13 11:15:00-05:00,NQ,short,5247.53,5251.43,"('abrir', 'MNQ', 20, 156, 5239.7)"
2017-02-14 03:25:00-05:00,2017-02-14 03:25:00-05:00,NQ,short,5252.5,5254.93,"('abrir', 'MNQ', 20, 97, 5247.6)"
2017-02-14 10:50:00-05:00,2017-02-14 10:50:00-05:00,NQ,short,5247.01,5255.26,"('abrir', 'MNQ', 14, 231, 5230.5)"
2017-02-15 10:05:00-05:00,2017-02-15 10:05:00-05:00,NQ,long,5271.7,5267.11,"('abrir', 'MNQ', 20, 184, 5280.9)"
2017-01-17 11:10:00-05:00,2017-01-17 11:10:00-05:00,NQ,long,5046.32,5031.98,"('abrir', 'MNQ', 8, 229, 5075.0)"
2017-01-18 03:00:00-05:00,2017-01-18 03:00:00-05:00,NQ,short,5052.49,5054.49,"('abrir', 'MNQ', 20, 80, 5048.5)"
2017-01-18 09:40:00-05:00,2017-01-18 09:40:00-05:00,NQ,short,5052.12,5054.12,"('abrir', 'MNQ', 20, 80, 5048.1)"
2017-01-18 10:05:00-05:00,2017-01-18 10:05:00-05:00,NQ,long,5052.26,5045.96,"('abrir', 'MNQ', 19, 239, 5064.8)"
2017-01-18 10:55:00-05:00,2017-01-18 10:55:00-05:00,NQ,short,5047.99,5052.65,"('abrir', 'MNQ', 20, 186, 5038.7)"
2017-01-19 03:20:00-05:00,2017-01-19 03:20:00-05:00,NQ,short,5055.07,5057.88,"('abrir', 'MNQ', 20, 112, 5049.5)"
2017-01-19 03:25:00-05:00,2017-01-19 03:25:00-05:00,NQ,short,5056.05,5058.27,"('skip', 'ya hay posición en MNQ')"
2017-01-19 11:10:00-05:00,2017-01-19 11:10:00-05:00,NQ,short,5053.95,5058.53,"('abrir', 'MNQ', 20, 183, 5044.8)"
2017-01-20 04:45:00-05:00,2017-01-20 04:45:00-05:00,NQ,short,5066.95,5068.95,"('abrir', 'MNQ', 20, 80, 5062.9)"
2017-01-20 11:00:00-05:00,2017-01-20 11:00:00-05:00,NQ,short,5067.86,5072.82,"('abrir', 'MNQ', 20, 198, 5058.0)"
2017-01-20 12:05:00-05:00,2017-01-20 12:05:00-05:00,NQ,long,5067.2,5064.78,"('skip', 'ya hay posición en MNQ')"
2017-01-23 03:35:00-05:00,2017-01-23 03:35:00-05:00,NQ,short,5045.18,5047.43,"('abrir', 'MNQ', 20, 90, 5040.7)"
2017-01-23 09:50:00-05:00,2017-01-23 09:50:00-05:00,NQ,long,5060.78,5052.07,"('abrir', 'MNQ', 14, 244, 5078.2)"
2017-01-23 12:15:00-05:00,2017-01-23 12:15:00-05:00,NQ,short,5046.47,5050.67,"('abrir', 'MNQ', 20, 168, 5038.1)"
2017-01-24 10:10:00-05:00,2017-01-24 10:10:00-05:00,NQ,short,5070.35,5072.91,"('abrir', 'MNQ', 20, 102, 5065.2)"
2017-01-24 10:25:00-05:00,2017-01-24 10:25:00-05:00,NQ,short,5077.28,5081.0,"('abrir', 'MNQ', 20, 149, 5069.8)"
2017-01-26 09:40:00-05:00,2017-01-26 09:40:00-05:00,NQ,long,5160.39,5157.33,"('abrir', 'MNQ', 20, 122, 5166.5)"
2017-01-26 10:35:00-05:00,2017-01-26 10:35:00-05:00,NQ,short,5156.5,5161.51,"('abrir', 'MNQ', 20, 200, 5146.5)"
2017-01-26 11:55:00-05:00,2017-01-26 11:50:00-05:00,NQ,long,5156.83,5151.52,"('skip', 'ya hay posición en MNQ')"
2017-01-27 11:30:00-05:00,2017-01-27 11:30:00-05:00,NQ,long,5161.81,5159.81,"('abrir', 'MNQ', 20, 80, 5165.8)"
2017-01-27 12:40:00-05:00,2017-01-27 12:40:00-05:00,NQ,long,5162.6,5158.83,"('abrir', 'MNQ', 20, 151, 5170.1)"
2017-02-01 10:30:00-05:00,2017-02-01 10:30:00-05:00,NQ,short,5144.52,5149.11,"('abrir', 'MNQ', 20, 183, 5135.4)"
2017-02-02 09:40:00-05:00,2017-02-02 09:40:00-05:00,NQ,short,5139.78,5143.97,"('abrir', 'MNQ', 20, 167, 5131.4)"
2017-02-02 12:25:00-05:00,2017-02-02 12:25:00-05:00,NQ,short,5141.4,5145.04,"('abrir', 'MNQ', 20, 146, 5134.1)"
2017-02-03 11:55:00-05:00,2017-02-03 11:55:00-05:00,NQ,short,5151.47,5153.47,"('abrir', 'MNQ', 20, 80, 5147.5)"
2017-02-03 12:20:00-05:00,2017-02-03 12:20:00-05:00,NQ,short,5155.31,5159.82,"('abrir', 'MNQ', 20, 180, 5146.3)"
2017-02-06 04:00:00-05:00,2017-02-06 04:00:00-05:00,NQ,short,5158.84,5160.84,"('abrir', 'MNQ', 20, 80, 5154.8)"
2017-02-06 10:10:00-05:00,2017-02-06 10:10:00-05:00,NQ,long,5152.33,5146.11,"('abrir', 'MNQ', 19, 236, 5164.8)"
2017-02-07 04:05:00-05:00,2017-02-07 04:05:00-05:00,NQ,long,5165.44,5160.11,"('abrir', 'MNQ', 20, 213, 5176.1)"
2017-02-08 03:15:00-05:00,2017-02-08 03:15:00-05:00,NQ,long,5188.89,5186.89,"('abrir', 'MNQ', 20, 80, 5192.9)"
2017-02-08 04:15:00-05:00,2017-02-08 04:15:00-05:00,NQ,short,5186.92,5188.92,"('abrir', 'MNQ', 20, 80, 5182.9)"
2017-02-08 05:25:00-05:00,2017-02-08 05:25:00-05:00,NQ,long,5188.09,5185.49,"('abrir', 'MNQ', 20, 104, 5193.3)"
2017-02-08 09:55:00-05:00,2017-02-08 09:55:00-05:00,NQ,short,5173.62,5176.43,FRENO_DIARIO
2017-02-09 05:55:00-05:00,2017-02-09 05:55:00-05:00,NQ,short,5195.13,5197.13,"('abrir', 'MNQ', 20, 80, 5191.1)"
2017-02-10 04:50:00-05:00,2017-02-10 04:50:00-05:00,NQ,short,5221.91,5226.59,"('abrir', 'MNQ', 20, 187, 5212.6)"
2017-02-10 10:55:00-05:00,2017-02-10 10:55:00-05:00,NQ,long,5222.36,5218.87,"('skip', 'ya hay posición en MNQ')"
2017-02-13 11:15:00-05:00,2017-02-13 11:15:00-05:00,NQ,short,5247.53,5251.43,"('abrir', 'MNQ', 20, 156, 5239.7)"
2017-02-14 03:25:00-05:00,2017-02-14 03:25:00-05:00,NQ,short,5252.5,5254.93,"('abrir', 'MNQ', 20, 97, 5247.6)"
2017-02-14 10:50:00-05:00,2017-02-14 10:50:00-05:00,NQ,short,5247.01,5255.26,"('abrir', 'MNQ', 14, 231, 5230.5)"
2017-02-15 10:05:00-05:00,2017-02-15 10:05:00-05:00,NQ,long,5271.7,5267.11,"('abrir', 'MNQ', 20, 184, 5280.9)"
2017-02-16 02:55:00-05:00,2017-02-16 02:55:00-05:00,NQ,long,5307.84,5305.84,"('abrir', 'MNQ', 20, 80, 5311.8)"
2017-02-16 04:05:00-05:00,2017-02-16 04:05:00-05:00,NQ,short,5307.87,5309.87,"('skip', 'ya hay posición en MNQ')"
2017-02-16 09:45:00-05:00,2017-02-16 09:45:00-05:00,NQ,long,5306.91,5300.57,"('abrir', 'MNQ', 19, 241, 5319.6)"
2017-02-16 10:10:00-05:00,2017-02-16 10:10:00-05:00,NQ,short,5304.82,5306.95,"('abrir', 'MNQ', 20, 85, 5300.6)"
2017-02-17 10:25:00-05:00,2017-02-17 10:25:00-05:00,NQ,long,5306.22,5302.06,"('abrir', 'MNQ', 20, 166, 5314.5)"
2017-02-17 11:30:00-05:00,2017-02-17 11:30:00-05:00,NQ,short,5300.06,5302.06,"('abrir', 'MNQ', 20, 80, 5296.1)"
2017-02-20 10:00:00-05:00,2017-02-20 10:00:00-05:00,NQ,short,5330.92,5333.87,"('abrir', 'MNQ', 20, 118, 5325.0)"
2017-02-21 10:00:00-05:00,2017-02-21 10:00:00-05:00,NQ,long,5339.91,5336.63,"('abrir', 'MNQ', 20, 131, 5346.5)"
2017-02-22 10:00:00-05:00,2017-02-22 10:00:00-05:00,NQ,short,5340.0,5347.78,"('abrir', 'MNQ', 15, 233, 5324.4)"
2017-02-22 11:00:00-05:00,2017-02-22 11:00:00-05:00,NQ,long,5342.94,5339.1,"('abrir', 'MNQ', 20, 154, 5350.6)"
2017-02-23 04:35:00-05:00,2017-02-23 04:35:00-05:00,NQ,long,5351.3,5347.2,"('abrir', 'MNQ', 20, 164, 5359.5)"
2017-02-24 03:25:00-05:00,2017-02-24 03:25:00-05:00,NQ,short,5320.35,5323.13,"('abrir', 'MNQ', 20, 111, 5314.8)"
2017-02-24 04:55:00-05:00,2017-02-24 04:55:00-05:00,NQ,long,5320.81,5317.56,"('skip', 'ya hay posición en MNQ')"
2017-02-24 10:05:00-05:00,2017-02-24 10:05:00-05:00,NQ,long,5315.31,5310.73,"('abrir', 'MNQ', 20, 184, 5324.5)"
2017-02-24 10:10:00-05:00,2017-02-24 10:10:00-05:00,NQ,long,5310.02,5304.97,"('abrir', 'MNQ', 20, 202, 5320.1)"
2017-02-27 09:50:00-05:00,2017-02-27 09:50:00-05:00,NQ,short,5329.03,5331.03,"('abrir', 'MNQ', 20, 80, 5325.0)"
2017-02-28 03:15:00-05:00,2017-02-28 03:15:00-05:00,NQ,short,5342.23,5344.26,"('abrir', 'MNQ', 20, 81, 5338.2)"
2017-02-28 10:00:00-05:00,2017-02-28 10:00:00-05:00,NQ,short,5341.72,5343.72,"('abrir', 'MNQ', 20, 80, 5337.7)"
2017-02-28 10:55:00-05:00,2017-02-28 10:55:00-05:00,NQ,short,5340.47,5342.73,"('abrir', 'MNQ', 20, 91, 5335.9)"
2017-03-01 02:35:00-05:00,2017-03-01 02:35:00-05:00,NQ,long,5339.44,5337.44,"('abrir', 'MNQ', 20, 80, 5343.4)"
2017-03-02 02:35:00-05:00,2017-03-02 02:35:00-05:00,NQ,short,5382.72,5384.72,"('abrir', 'MNQ', 20, 80, 5378.7)"
2017-03-02 04:20:00-05:00,2017-03-02 04:20:00-05:00,NQ,short,5382.3,5386.89,"('abrir', 'MNQ', 20, 184, 5373.1)"
2017-03-03 05:00:00-05:00,2017-03-03 05:00:00-05:00,NQ,short,5348.52,5351.89,"('abrir', 'MNQ', 20, 135, 5341.8)"
2017-03-03 10:50:00-05:00,2017-03-03 10:50:00-05:00,NQ,short,5351.65,5355.56,"('abrir', 'MNQ', 20, 156, 5343.8)"
2017-03-06 09:50:00-05:00,2017-03-06 09:50:00-05:00,NQ,short,5348.02,5353.11,"('abrir', 'MNQ', 20, 204, 5337.8)"
2017-03-06 11:25:00-05:00,2017-03-06 11:25:00-05:00,NQ,long,5344.46,5340.57,"('skip', 'ya hay posición en MNQ')"
2017-03-06 11:40:00-05:00,2017-03-06 11:40:00-05:00,NQ,long,5341.86,5337.64,"('skip', 'ya hay posición en MNQ')"
2017-03-07 04:40:00-05:00,2017-03-07 04:40:00-05:00,NQ,short,5355.64,5359.08,"('abrir', 'MNQ', 20, 138, 5348.8)"
2017-03-07 09:45:00-05:00,2017-03-07 09:45:00-05:00,NQ,short,5348.37,5356.26,"('abrir', 'MNQ', 15, 237, 5332.6)"
2017-03-08 11:55:00-05:00,2017-03-08 11:55:00-05:00,NQ,short,5358.89,5361.8,"('abrir', 'MNQ', 20, 116, 5353.1)"
2017-03-08 12:30:00-05:00,2017-03-08 12:30:00-05:00,NQ,short,5361.69,5367.35,"('abrir', 'MNQ', 20, 226, 5350.4)"
2017-03-09 09:40:00-05:00,2017-03-09 09:40:00-05:00,NQ,short,5354.56,5358.79,"('abrir', 'MNQ', 20, 169, 5346.1)"
2017-03-09 12:40:00-05:00,2017-03-09 12:40:00-05:00,NQ,short,5363.35,5368.17,"('abrir', 'MNQ', 20, 193, 5353.7)"
2017-03-10 10:30:00-05:00,2017-03-10 10:30:00-05:00,NQ,long,5385.71,5381.17,"('abrir', 'MNQ', 20, 182, 5394.8)"
2017-03-10 11:30:00-05:00,2017-03-10 11:30:00-05:00,NQ,long,5382.76,5374.57,"('abrir', 'MNQ', 14, 229, 5399.1)"
2017-03-13 04:45:00-04:00,2017-03-13 04:45:00-04:00,NQ,long,5380.83,5378.67,"('abrir', 'MNQ', 20, 87, 5385.2)"
2017-03-13 05:00:00-04:00,2017-03-13 05:00:00-04:00,NQ,long,5379.66,5376.97,"('skip', 'ya hay posición en MNQ')"
2017-03-13 11:20:00-04:00,2017-03-13 11:20:00-04:00,NQ,long,5386.16,5379.89,"('abrir', 'MNQ', 18, 226, 5398.7)"
2017-03-14 12:05:00-04:00,2017-03-14 12:05:00-04:00,NQ,long,5374.58,5372.58,"('abrir', 'MNQ', 20, 80, 5378.6)"
2017-03-14 12:10:00-04:00,2017-03-14 12:10:00-04:00,NQ,long,5367.46,5364.65,"('abrir', 'MNQ', 20, 113, 5373.1)"
2017-03-15 04:00:00-04:00,2017-03-15 04:00:00-04:00,NQ,short,5388.87,5390.87,"('abrir', 'MNQ', 20, 80, 5384.9)"
2017-03-15 09:45:00-04:00,2017-03-15 09:45:00-04:00,NQ,short,5384.77,5388.81,"('abrir', 'MNQ', 20, 162, 5376.7)"
2017-03-20 04:45:00-04:00,2017-03-20 04:45:00-04:00,NQ,long,5404.22,5402.22,"('abrir', 'MNQ', 20, 80, 5408.2)"
2017-03-20 04:55:00-04:00,2017-03-20 04:50:00-04:00,NQ,long,5403.32,5401.32,"('abrir', 'MNQ', 20, 80, 5407.3)"
2017-03-20 11:45:00-04:00,2017-03-20 11:45:00-04:00,NQ,short,5418.17,5420.17,"('abrir', 'MNQ', 20, 80, 5414.2)"
2017-03-22 03:55:00-04:00,2017-03-22 03:55:00-04:00,NQ,long,5325.12,5323.12,"('abrir', 'MNQ', 20, 80, 5329.1)"
2017-03-22 04:30:00-04:00,2017-03-22 04:30:00-04:00,NQ,long,5325.75,5319.97,"('abrir', 'MNQ', 20, 231, 5337.3)"
2017-03-22 04:50:00-04:00,2017-03-22 04:50:00-04:00,NQ,short,5322.89,5324.89,"('skip', 'ya hay posición en MNQ')"
2017-03-22 09:55:00-04:00,2017-03-22 09:55:00-04:00,NQ,long,5338.17,5330.87,"('abrir', 'MNQ', 16, 234, 5352.8)"
2017-03-22 12:10:00-04:00,2017-03-22 12:10:00-04:00,NQ,long,5357.63,5349.07,FRENO_DIARIO
2017-03-23 03:00:00-04:00,2017-03-23 03:00:00-04:00,NQ,short,5367.27,5369.47,"('abrir', 'MNQ', 20, 88, 5362.9)"
2017-03-24 03:50:00-04:00,2017-03-24 03:50:00-04:00,NQ,short,5365.86,5369.31,"('abrir', 'MNQ', 20, 138, 5358.9)"
2017-03-24 12:25:00-04:00,2017-03-24 12:25:00-04:00,NQ,short,5386.91,5390.3,"('abrir', 'MNQ', 20, 136, 5380.1)"
2017-03-27 11:50:00-04:00,2017-03-27 11:50:00-04:00,NQ,long,5361.77,5358.97,"('abrir', 'MNQ', 20, 112, 5367.4)"
2017-03-28 09:45:00-04:00,2017-03-28 09:45:00-04:00,NQ,long,5375.87,5367.87,"('abrir', 'MNQ', 14, 224, 5391.9)"
2017-03-28 10:45:00-04:00,2017-03-28 10:40:00-04:00,NQ,short,5371.67,5373.67,"('abrir', 'MNQ', 20, 80, 5367.7)"
2017-03-29 04:00:00-04:00,2017-03-29 04:00:00-04:00,NQ,long,5413.17,5409.57,"('abrir', 'MNQ', 20, 144, 5420.4)"
2017-03-29 11:55:00-04:00,2017-03-29 11:55:00-04:00,NQ,short,5413.97,5418.57,"('abrir', 'MNQ', 20, 184, 5404.8)"
2017-03-30 12:05:00-04:00,2017-03-30 12:05:00-04:00,NQ,short,5433.62,5436.87,"('abrir', 'MNQ', 20, 130, 5427.1)"
2017-03-31 03:50:00-04:00,2017-03-31 03:50:00-04:00,NQ,long,5425.22,5423.22,"('abrir', 'MNQ', 20, 80, 5429.2)"
2017-04-03 05:05:00-04:00,2017-04-03 05:05:00-04:00,NQ,long,5441.92,5438.67,"('abrir', 'MNQ', 20, 130, 5448.4)"
2017-04-03 09:55:00-04:00,2017-04-03 09:55:00-04:00,NQ,long,5444.17,5436.97,"('abrir', 'MNQ', 16, 230, 5458.6)"
2017-04-03 10:45:00-04:00,2017-04-03 10:45:00-04:00,NQ,short,5440.27,5450.57,"('abrir', 'MNQ', 11, 227, 5419.7)"
2017-04-04 05:35:00-04:00,2017-04-04 05:35:00-04:00,NQ,short,5415.37,5419.57,"('abrir', 'MNQ', 20, 168, 5407.0)"
